
      INSERT INTO users (
        id, username, display_name, world_location, avatar_url, bio, website, aura, essence, created_at, updated_at
      ) VALUES
      (
        '8780b613-5bf5-4350-b12f-75efedb6524b',
        'Stone.OKon',
        'Stone O''Kon',
        'Port Pascaleshire, Montserrat',
        'https://anime.kirwako.com/api/avatar?name=Stone.OKon',
        'Eligendi thalassinus timor urbanus tibi aliquam.',
        'https://dependent-play.net',
        36950,  -- aura will be used to calculate the aura_rank via the DB trigger
        1477,
        '2024-09-03T19:00:31.859Z',
        '2024-09-03T20:14:42.312Z'
      ),
(
        '89924eb8-584c-4bd2-8a5f-4f2249a88c10',
        'Abbey.Cole',
        'Abbey Cole',
        'East Donato, Uruguay',
        'https://anime.kirwako.com/api/avatar?name=Abbey.Cole',
        'Vox corpus quo ascit thymbra cariosus supplanto.',
        'https://vain-ceiling.net/',
        43655,  -- aura will be used to calculate the aura_rank via the DB trigger
        2341,
        '2024-09-03T14:32:04.183Z',
        '2024-09-04T11:53:47.801Z'
      ),
(
        '29ebd667-7c46-48a9-9a17-13c07e4b7d09',
        'Reilly_Emard',
        'Reilly Emard',
        'Lake Burdette, Aruba',
        'https://anime.kirwako.com/api/avatar?name=Reilly_Emard',
        'Vestrum caute traho clamo concido cruentus cerno pax.',
        'https://some-blouse.com/',
        40614,  -- aura will be used to calculate the aura_rank via the DB trigger
        1799,
        '2024-09-03T22:53:12.603Z',
        '2024-09-03T21:33:36.234Z'
      ),
(
        'f193abdc-3c11-4865-8a49-b2b89ee395ea',
        'Aracely.Waelchi',
        'Aracely Waelchi',
        'Gislasonfort, Albania',
        'https://anime.kirwako.com/api/avatar?name=Aracely.Waelchi',
        'Arma compello at vociferor vester adeptio articulus vindico.',
        'https://jam-packed-method.biz/',
        24867,  -- aura will be used to calculate the aura_rank via the DB trigger
        1757,
        '2024-09-04T09:57:41.305Z',
        '2024-09-03T18:54:32.238Z'
      ),
(
        '2224f7a8-aebf-4795-9e4f-ac4abd15d88d',
        'Chaim_Mann',
        'Chaim Mann',
        'West Arvilla, South Africa',
        'https://anime.kirwako.com/api/avatar?name=Chaim_Mann',
        'Pectus defero absque corrumpo turba carpo.',
        'https://idolized-textbook.org',
        20301,  -- aura will be used to calculate the aura_rank via the DB trigger
        9294,
        '2024-09-04T05:55:44.366Z',
        '2024-09-04T09:46:50.788Z'
      ),
(
        '7645eff6-ec8c-4b9d-a24f-4fdf9f31a0b2',
        'Elton_Smitham48',
        'Elton Smitham',
        'Cleveland, Liberia',
        'https://anime.kirwako.com/api/avatar?name=Elton_Smitham48',
        'Suspendo dedico fugiat texo.',
        'https://pointed-handgun.info',
        47336,  -- aura will be used to calculate the aura_rank via the DB trigger
        1926,
        '2024-09-04T12:28:22.849Z',
        '2024-09-03T16:05:47.806Z'
      ),
(
        '98396e5b-15bb-4e4a-9f8b-cc7c4fffd584',
        'Stan.Hyatt-Hahn80',
        'Stan Hyatt-Hahn',
        'Encinitas, Morocco',
        'https://anime.kirwako.com/api/avatar?name=Stan.Hyatt-Hahn80',
        'Creo vitiosus beatae vociferor acerbitas cubitum dedecor animadverto.',
        'https://grave-labour.biz',
        30961,  -- aura will be used to calculate the aura_rank via the DB trigger
        263,
        '2024-09-04T07:52:26.919Z',
        '2024-09-04T01:11:41.943Z'
      ),
(
        '9d6e165c-1d37-4b53-b0c2-a6f68e9f416d',
        'Micah_Altenwerth',
        'Micah Altenwerth',
        'Loweworth, Malta',
        'https://anime.kirwako.com/api/avatar?name=Micah_Altenwerth',
        'Temperantia sequi claustrum vestrum taceo decipio delectatio vinculum amo cornu.',
        'https://remarkable-cluster.name',
        9254,  -- aura will be used to calculate the aura_rank via the DB trigger
        6043,
        '2024-09-04T06:36:35.908Z',
        '2024-09-04T00:16:12.856Z'
      ),
(
        '79a33a18-dc3b-4677-8528-8764ce92cfe1',
        'Lonie_Hodkiewicz',
        'Lonie Hodkiewicz',
        'Madgeport, San Marino',
        'https://anime.kirwako.com/api/avatar?name=Lonie_Hodkiewicz',
        'Avarus beneficium absconditus.',
        'https://uneven-highlight.biz/',
        29581,  -- aura will be used to calculate the aura_rank via the DB trigger
        7166,
        '2024-09-04T11:46:30.050Z',
        '2024-09-04T07:40:28.361Z'
      ),
(
        '8cb9a8d2-0e1e-4261-956c-57fa45abe0fe',
        'Jeramy.Ward95',
        'Jeramy Ward',
        'East Ena, Tokelau',
        'https://anime.kirwako.com/api/avatar?name=Jeramy.Ward95',
        'Deficio commodi totam vobis deputo.',
        'https://conscious-thunderstorm.com/',
        6135,  -- aura will be used to calculate the aura_rank via the DB trigger
        7853,
        '2024-09-03T19:14:56.129Z',
        '2024-09-04T09:48:54.977Z'
      ),
(
        '6e457038-cd26-4a20-ba22-2e34634c2dad',
        'Clementine_Kreiger42',
        'Clementine Kreiger',
        'Modesto, Timor-Leste',
        'https://anime.kirwako.com/api/avatar?name=Clementine_Kreiger42',
        'Sophismata ultio volup adeo spectaculum.',
        'https://fussy-broadcast.name/',
        15394,  -- aura will be used to calculate the aura_rank via the DB trigger
        2067,
        '2024-09-04T11:16:31.741Z',
        '2024-09-03T22:19:05.088Z'
      ),
(
        '852fa0df-326b-4336-836a-41cd6d786083',
        'Trey.Murphy',
        'Trey Murphy',
        'Lake Sidney, Bulgaria',
        'https://anime.kirwako.com/api/avatar?name=Trey.Murphy',
        'Trucido congregatio sortitus ante absum auctor suspendo.',
        'https://jolly-pray.biz/',
        31758,  -- aura will be used to calculate the aura_rank via the DB trigger
        9263,
        '2024-09-04T03:36:13.156Z',
        '2024-09-04T13:00:01.137Z'
      ),
(
        'cb4dc284-fb24-4b32-9469-53a0834d0bc7',
        'Oceane.Pollich',
        'Oceane Pollich',
        'Fort Stephen, United Kingdom',
        'https://anime.kirwako.com/api/avatar?name=Oceane.Pollich',
        'Conitor tempore vinculum sopor cras demergo vorax tantum ustulo.',
        'https://ill-informed-cloudburst.org/',
        1801,  -- aura will be used to calculate the aura_rank via the DB trigger
        1656,
        '2024-09-04T04:32:34.421Z',
        '2024-09-03T20:46:49.983Z'
      ),
(
        'af19d67e-90f2-4022-95db-d1b8b36645c7',
        'Sincere_Pollich78',
        'Sincere Pollich',
        'East Lysanne, Malta',
        'https://anime.kirwako.com/api/avatar?name=Sincere_Pollich78',
        'Abutor coerceo ventosus velut cohibeo aveho soleo.',
        'https://mortified-magnet.biz',
        40684,  -- aura will be used to calculate the aura_rank via the DB trigger
        6897,
        '2024-09-04T08:48:26.799Z',
        '2024-09-04T10:15:06.964Z'
      ),
(
        '7057b768-2399-416b-9851-7fe19c6d51a0',
        'Hollie_Schneider',
        'Hollie Schneider',
        'Narcisotown, Papua New Guinea',
        'https://anime.kirwako.com/api/avatar?name=Hollie_Schneider',
        'Doloribus coniecto depromo repellat alias vivo suggero.',
        'https://coordinated-jaguar.name/',
        9059,  -- aura will be used to calculate the aura_rank via the DB trigger
        7671,
        '2024-09-03T19:37:18.238Z',
        '2024-09-03T21:43:07.712Z'
      ),
(
        'df7a2669-ad17-4350-a041-c4688438a4f8',
        'Hailee.Zboncak',
        'Hailee Zboncak',
        'Soniamouth, Saint Pierre and Miquelon',
        'https://anime.kirwako.com/api/avatar?name=Hailee.Zboncak',
        'Utroque aureus venia repellendus quisquam.',
        'https://aged-closet.biz',
        49549,  -- aura will be used to calculate the aura_rank via the DB trigger
        8848,
        '2024-09-04T04:19:47.277Z',
        '2024-09-04T03:32:47.254Z'
      ),
(
        'd1c20062-dc50-4d1d-b51d-9b7240518f91',
        'Louvenia_Torphy',
        'Louvenia Torphy',
        'Winston-Salem, Gambia',
        'https://anime.kirwako.com/api/avatar?name=Louvenia_Torphy',
        'Adsum dicta arguo despecto paens crudelis apto combibo caste.',
        'https://grumpy-regret.name',
        29216,  -- aura will be used to calculate the aura_rank via the DB trigger
        3198,
        '2024-09-03T19:23:06.839Z',
        '2024-09-04T12:57:04.700Z'
      ),
(
        '6fc1f6f3-40c3-41db-a77e-ea7d0aa62c7d',
        'Tommie.Wisoky31',
        'Tommie Wisoky',
        'Port Dasiachester, Samoa',
        'https://anime.kirwako.com/api/avatar?name=Tommie.Wisoky31',
        'Turpis suffragium conicio tubineus vulgaris.',
        'https://adored-yahoo.name/',
        24847,  -- aura will be used to calculate the aura_rank via the DB trigger
        8847,
        '2024-09-04T04:57:18.509Z',
        '2024-09-04T13:31:40.193Z'
      ),
(
        '4a5c6dd6-eef6-472f-99ef-515249a04f42',
        'Josianne_Okuneva',
        'Josianne Okuneva',
        'Fort Ryann, Guadeloupe',
        'https://anime.kirwako.com/api/avatar?name=Josianne_Okuneva',
        'Clibanus traho absorbeo curto aptus curis atque.',
        'https://messy-ruby.com',
        4661,  -- aura will be used to calculate the aura_rank via the DB trigger
        7025,
        '2024-09-04T03:14:15.433Z',
        '2024-09-04T03:56:55.664Z'
      ),
(
        'f44a7b49-b5da-4d7c-b5ec-01a621373438',
        'Marilou_Lubowitz',
        'Marilou Lubowitz',
        'Port Susanafield, Falkland Islands (Malvinas)',
        'https://anime.kirwako.com/api/avatar?name=Marilou_Lubowitz',
        'Uxor numquam vulticulus caelum saepe ambulo debitis stella.',
        'https://sick-spending.info/',
        20409,  -- aura will be used to calculate the aura_rank via the DB trigger
        6433,
        '2024-09-04T09:11:53.721Z',
        '2024-09-03T19:32:11.525Z'
      ),
(
        '3c92149b-7a9f-4616-b8ef-9f0931f5fe2d',
        'Garret_Bayer43',
        'Garret Bayer',
        'Kansas City, Papua New Guinea',
        'https://anime.kirwako.com/api/avatar?name=Garret_Bayer43',
        'Cunctatio volva doloribus utilis ventosus error delibero curis veniam utrimque.',
        'https://glass-autumn.org/',
        40923,  -- aura will be used to calculate the aura_rank via the DB trigger
        5154,
        '2024-09-03T22:41:43.694Z',
        '2024-09-03T22:59:16.221Z'
      ),
(
        'f71b10fc-f201-4741-9ae6-d00c7660fe2b',
        'Lillie_Hermann-Fritsch46',
        'Lillie Hermann-Fritsch',
        'New Zion, Nigeria',
        'https://anime.kirwako.com/api/avatar?name=Lillie_Hermann-Fritsch46',
        'Decet dedico varietas comedo esse possimus autus speciosus vulgo tamquam.',
        'https://vibrant-correspondence.name/',
        20862,  -- aura will be used to calculate the aura_rank via the DB trigger
        2961,
        '2024-09-04T07:34:01.183Z',
        '2024-09-03T20:08:35.735Z'
      ),
(
        'a5177bbd-3756-4ae3-9ba6-75e6b8d79e7c',
        'Iliana.Reynolds',
        'Iliana Reynolds',
        'East Boydfort, Israel',
        'https://anime.kirwako.com/api/avatar?name=Iliana.Reynolds',
        'Tolero denuncio derideo viduo aestus.',
        'https://overdue-rim.biz/',
        34740,  -- aura will be used to calculate the aura_rank via the DB trigger
        9750,
        '2024-09-04T12:01:12.930Z',
        '2024-09-04T11:24:20.892Z'
      ),
(
        '5aedf930-2cf6-4cf6-83a7-ce5aba6429df',
        'Mara.Hodkiewicz37',
        'Mara Hodkiewicz',
        'Lake Myah, Denmark',
        'https://anime.kirwako.com/api/avatar?name=Mara.Hodkiewicz37',
        'Aveho sono voluntarius patior crapula callide torqueo expedita.',
        'https://precious-sepal.net/',
        40385,  -- aura will be used to calculate the aura_rank via the DB trigger
        2019,
        '2024-09-03T14:12:28.647Z',
        '2024-09-03T14:02:18.184Z'
      ),
(
        '145f79a0-a3a8-4f01-9312-5836ba2c115f',
        'Laney.Schamberger',
        'Laney Schamberger',
        'New Else, Niue',
        'https://anime.kirwako.com/api/avatar?name=Laney.Schamberger',
        'Conspergo clamo taceo beatus non turba alter super utroque.',
        'https://internal-appreciation.org',
        10139,  -- aura will be used to calculate the aura_rank via the DB trigger
        5893,
        '2024-09-04T07:56:45.433Z',
        '2024-09-03T20:34:06.457Z'
      ),
(
        '43e4d685-143c-4c25-b204-c15950aadfde',
        'Emiliano_Schimmel56',
        'Emiliano Schimmel',
        'Ellsworthburgh, Heard Island and McDonald Islands',
        'https://anime.kirwako.com/api/avatar?name=Emiliano_Schimmel56',
        'Succurro certus veritas adamo timidus censura utrum conitor sopor cresco.',
        'https://majestic-litmus.name/',
        24215,  -- aura will be used to calculate the aura_rank via the DB trigger
        8489,
        '2024-09-03T23:48:10.813Z',
        '2024-09-03T22:32:24.138Z'
      ),
(
        '9e5af780-1be4-4a9b-9748-b4c6502ea195',
        'Ollie_Jones16',
        'Ollie Jones',
        'West Dahlia, Norway',
        'https://anime.kirwako.com/api/avatar?name=Ollie_Jones16',
        'Comprehendo truculenter debilito defessus conor.',
        'https://queasy-townhouse.com',
        49415,  -- aura will be used to calculate the aura_rank via the DB trigger
        857,
        '2024-09-03T22:56:41.927Z',
        '2024-09-04T00:06:00.472Z'
      ),
(
        '7c6fc83c-6bc4-415c-a43c-b10ea1733820',
        'Reilly_Rau40',
        'Reilly Rau',
        'Union City, South Africa',
        'https://anime.kirwako.com/api/avatar?name=Reilly_Rau40',
        'Vulgaris aro celo verecundia et canonicus solum trucido usus catena.',
        'https://concrete-decryption.org',
        14335,  -- aura will be used to calculate the aura_rank via the DB trigger
        7442,
        '2024-09-03T20:05:04.449Z',
        '2024-09-04T10:55:36.381Z'
      ),
(
        'd0176979-25c7-47a9-9716-9a6b8a7fc433',
        'Lambert_Kihn',
        'Lambert Kihn',
        'Ceres, Burundi',
        'https://anime.kirwako.com/api/avatar?name=Lambert_Kihn',
        'Voco statua depereo caterva.',
        'https://earnest-receipt.biz',
        36698,  -- aura will be used to calculate the aura_rank via the DB trigger
        5722,
        '2024-09-04T09:57:25.811Z',
        '2024-09-04T03:23:53.484Z'
      ),
(
        '5128a175-cd53-4a99-929b-1c2821fbbc7d',
        'Maryse_Rohan',
        'Maryse Rohan',
        'Auerside, Slovenia',
        'https://anime.kirwako.com/api/avatar?name=Maryse_Rohan',
        'Claustrum audacia atque.',
        'https://firsthand-attic.biz',
        24346,  -- aura will be used to calculate the aura_rank via the DB trigger
        3038,
        '2024-09-03T18:16:42.857Z',
        '2024-09-03T21:29:46.280Z'
      ),
(
        '79ac7229-1657-40c0-ae8c-2472d815e1f1',
        'Concepcion.Kessler',
        'Concepcion Kessler',
        'Maggieton, Barbados',
        'https://anime.kirwako.com/api/avatar?name=Concepcion.Kessler',
        'Triumphus urbanus alioqui demonstro collum.',
        'https://any-forest.info',
        36737,  -- aura will be used to calculate the aura_rank via the DB trigger
        5447,
        '2024-09-03T23:51:24.481Z',
        '2024-09-04T08:13:18.212Z'
      ),
(
        '60ab6c5b-6319-427c-b5a4-2c3755f7b75c',
        'Joannie.Feeney',
        'Joannie Feeney',
        'Torrance, Mozambique',
        'https://anime.kirwako.com/api/avatar?name=Joannie.Feeney',
        'Vix cinis supra.',
        'https://enormous-pool.net',
        12367,  -- aura will be used to calculate the aura_rank via the DB trigger
        368,
        '2024-09-04T12:52:39.158Z',
        '2024-09-04T13:27:09.511Z'
      ),
(
        'f4658378-634e-4a7c-a661-2709f753c7ce',
        'Sasha.Will',
        'Sasha Will',
        'South Clevestead, Mayotte',
        'https://anime.kirwako.com/api/avatar?name=Sasha.Will',
        'Angulus voluntarius quos occaecati adstringo venio sonitus eaque cognatus creo.',
        'https://tremendous-gown.net',
        13664,  -- aura will be used to calculate the aura_rank via the DB trigger
        7708,
        '2024-09-04T01:49:44.521Z',
        '2024-09-04T09:32:07.167Z'
      ),
(
        'a3004883-2d56-457c-8f01-5a248352f659',
        'Kyla.Armstrong',
        'Kyla Armstrong',
        'Purdystead, Oman',
        'https://anime.kirwako.com/api/avatar?name=Kyla.Armstrong',
        'Caterva vilitas deleo decretum cohors cubitum tactus voluptate ipsam.',
        'https://square-plant.info/',
        12059,  -- aura will be used to calculate the aura_rank via the DB trigger
        8994,
        '2024-09-04T12:17:52.493Z',
        '2024-09-04T09:59:33.062Z'
      ),
(
        '81b1404a-195a-4c43-948d-5a320c68a9e1',
        'Susana.Skiles5',
        'Susana Skiles',
        'Johnfield, Solomon Islands',
        'https://anime.kirwako.com/api/avatar?name=Susana.Skiles5',
        'Aptus censura argumentum aggredior vero denego vitiosus.',
        'https://unrealistic-rat.name/',
        49712,  -- aura will be used to calculate the aura_rank via the DB trigger
        4625,
        '2024-09-03T22:24:35.410Z',
        '2024-09-04T10:13:00.833Z'
      ),
(
        'e3725b81-c06b-4b95-b1d3-e681da2f0792',
        'Royal.Waelchi',
        'Royal Waelchi',
        'Jodiestad, Guyana',
        'https://anime.kirwako.com/api/avatar?name=Royal.Waelchi',
        'Accendo asper curia dedecor utilis deorsum usitas.',
        'https://sick-sir.org/',
        29434,  -- aura will be used to calculate the aura_rank via the DB trigger
        662,
        '2024-09-03T22:26:51.683Z',
        '2024-09-04T08:41:21.263Z'
      ),
(
        '999f50a2-e8c0-4898-8610-fb02011dc130',
        'Malinda_McLaughlin2',
        'Malinda McLaughlin',
        'Mantestad, Sint Maarten',
        'https://anime.kirwako.com/api/avatar?name=Malinda_McLaughlin2',
        'Consequuntur minima conturbo.',
        'https://ill-informed-collector.info',
        34222,  -- aura will be used to calculate the aura_rank via the DB trigger
        4564,
        '2024-09-03T18:55:23.001Z',
        '2024-09-04T08:53:36.854Z'
      ),
(
        'f2d7d630-5deb-43fb-83fe-b707046dc3c7',
        'Clementina.Kunde28',
        'Clementina Kunde',
        'Madera, Nigeria',
        'https://anime.kirwako.com/api/avatar?name=Clementina.Kunde28',
        'Arguo cumque sumptus suscipio spectaculum.',
        'https://profitable-put.com/',
        42908,  -- aura will be used to calculate the aura_rank via the DB trigger
        360,
        '2024-09-03T15:18:21.516Z',
        '2024-09-03T14:37:53.483Z'
      ),
(
        '96115662-e1e0-464c-8021-c17fe89189c5',
        'Frida_Franecki',
        'Frida Franecki',
        'Jacobsland, Uganda',
        'https://anime.kirwako.com/api/avatar?name=Frida_Franecki',
        'Sortitus vereor dolor.',
        'https://emotional-gosling.org/',
        46591,  -- aura will be used to calculate the aura_rank via the DB trigger
        5605,
        '2024-09-04T05:33:53.356Z',
        '2024-09-04T07:22:43.796Z'
      ),
(
        'e122a9bf-a9c0-437e-8769-c5720edf51e3',
        'Christophe_OHara60',
        'Christophe O''Hara',
        'West Leonardoboro, Oman',
        'https://anime.kirwako.com/api/avatar?name=Christophe_OHara60',
        'Vulgivagus subito pecco congregatio varietas decimus ager vereor totus fuga.',
        'https://strange-renaissance.net/',
        14449,  -- aura will be used to calculate the aura_rank via the DB trigger
        693,
        '2024-09-04T11:01:45.986Z',
        '2024-09-04T08:11:06.020Z'
      ),
(
        '80402c8d-ede3-48c3-888e-f9ca9cf1ee57',
        'Telly_Gerhold65',
        'Telly Gerhold',
        'Lianaside, French Southern Territories',
        'https://anime.kirwako.com/api/avatar?name=Telly_Gerhold65',
        'Tricesimus cursim conventus cavus coruscus baiulus volutabrum.',
        'https://terrific-action.net',
        31022,  -- aura will be used to calculate the aura_rank via the DB trigger
        1288,
        '2024-09-03T20:29:27.378Z',
        '2024-09-03T18:24:27.890Z'
      ),
(
        'df7ec732-9582-4629-b190-cb5c174b7606',
        'Arianna_Waelchi48',
        'Arianna Waelchi',
        'Aniyamouth, Cyprus',
        'https://anime.kirwako.com/api/avatar?name=Arianna_Waelchi48',
        'Carmen circumvenio suppellex despecto similique temptatio accusator spiculum cresco cunabula.',
        'https://back-surround.com',
        15590,  -- aura will be used to calculate the aura_rank via the DB trigger
        6453,
        '2024-09-03T18:18:54.370Z',
        '2024-09-03T22:03:24.343Z'
      ),
(
        '7c73328f-0d53-4892-b8c7-80946f2a1b27',
        'Hilton_Cronin',
        'Hilton Cronin',
        'Citrus Heights, Mauritania',
        'https://anime.kirwako.com/api/avatar?name=Hilton_Cronin',
        'Tamisium succurro provident vesco calcar asperiores aperte cuppedia ver.',
        'https://flickering-penny.name',
        23776,  -- aura will be used to calculate the aura_rank via the DB trigger
        8674,
        '2024-09-03T14:39:14.947Z',
        '2024-09-04T07:59:11.552Z'
      ),
(
        'c2626408-2638-4869-ab14-1f2055e3f218',
        'Werner_Walsh',
        'Werner Walsh',
        'Hattiesburg, Curacao',
        'https://anime.kirwako.com/api/avatar?name=Werner_Walsh',
        'Utrimque auxilium caste pel tripudio.',
        'https://pricey-ex-husband.net',
        36917,  -- aura will be used to calculate the aura_rank via the DB trigger
        504,
        '2024-09-03T14:52:06.103Z',
        '2024-09-03T22:12:33.267Z'
      ),
(
        'c748c9ed-17d3-4337-91dc-fefbddabf1ee',
        'Mollie_Hudson42',
        'Mollie Hudson',
        'Modesto, Germany',
        'https://anime.kirwako.com/api/avatar?name=Mollie_Hudson42',
        'Ustilo ciminatio templum laboriosam aspicio censura censura advoco barba.',
        'https://scented-inn.com',
        44737,  -- aura will be used to calculate the aura_rank via the DB trigger
        9217,
        '2024-09-04T13:13:10.050Z',
        '2024-09-03T16:00:13.897Z'
      ),
(
        'bd40f790-5d52-4d81-9e4a-241eacc54e99',
        'Armando.Nikolaus',
        'Armando Nikolaus',
        'South Felicitahaven, Mali',
        'https://anime.kirwako.com/api/avatar?name=Armando.Nikolaus',
        'Antea conduco acsi comes thesaurus vita.',
        'https://thorny-swim.net',
        15636,  -- aura will be used to calculate the aura_rank via the DB trigger
        355,
        '2024-09-04T03:46:35.137Z',
        '2024-09-04T00:53:52.688Z'
      ),
(
        '7be6fea3-401a-4673-84e0-6b324311f013',
        'Maureen.Hilll',
        'Maureen Hilll',
        'Kevenstead, Argentina',
        'https://anime.kirwako.com/api/avatar?name=Maureen.Hilll',
        'Curis comparo conduco vis.',
        'https://another-variant.biz',
        31855,  -- aura will be used to calculate the aura_rank via the DB trigger
        1067,
        '2024-09-03T20:32:19.726Z',
        '2024-09-03T22:52:12.830Z'
      ),
(
        '883ccc85-e89b-4e87-a430-dd083b1abec2',
        'Allen_Batz94',
        'Allen Batz',
        'Fort Marc, French Polynesia',
        'https://anime.kirwako.com/api/avatar?name=Allen_Batz94',
        'Vehemens decerno distinctio alioqui atque.',
        'https://ambitious-retrospective.org/',
        4514,  -- aura will be used to calculate the aura_rank via the DB trigger
        1034,
        '2024-09-04T12:31:18.770Z',
        '2024-09-04T10:45:43.080Z'
      ),
(
        '4c3750fa-b734-4a8e-8d32-48aec600a5d8',
        'Derek_Maggio',
        'Derek Maggio',
        'Cuyahoga Falls, Democratic People''s Republic of Korea',
        'https://anime.kirwako.com/api/avatar?name=Derek_Maggio',
        'Solum conscendo alo tenax turbo verumtamen earum.',
        'https://brisk-terrace.org/',
        36998,  -- aura will be used to calculate the aura_rank via the DB trigger
        4687,
        '2024-09-04T06:32:16.315Z',
        '2024-09-03T14:41:26.016Z'
      ),
(
        '72d616e7-633a-4d1b-898a-5bcc858a3f49',
        'Angelina.Langworth',
        'Angelina Langworth',
        'Janetboro, Nicaragua',
        'https://anime.kirwako.com/api/avatar?name=Angelina.Langworth',
        'Pectus suadeo decumbo territo tantillus vulgaris nostrum.',
        'https://failing-mussel.info',
        13696,  -- aura will be used to calculate the aura_rank via the DB trigger
        5050,
        '2024-09-04T10:02:51.716Z',
        '2024-09-04T09:47:35.350Z'
      ),
(
        'b1b4ff04-61cd-41b9-b254-f8f4c4e22456',
        'Filomena.Rath17',
        'Filomena Rath',
        'Orland Park, Lao People''s Democratic Republic',
        'https://anime.kirwako.com/api/avatar?name=Filomena.Rath17',
        'Cupiditate venio adimpleo defetiscor ex avaritia.',
        'https://jumpy-acquaintance.org',
        28577,  -- aura will be used to calculate the aura_rank via the DB trigger
        5562,
        '2024-09-03T15:55:45.770Z',
        '2024-09-03T19:42:46.534Z'
      ),
(
        'c71efd12-3bc4-469e-99ae-95133b966a93',
        'Emmalee.Steuber',
        'Emmalee Steuber',
        'Lisettestead, Sint Maarten',
        'https://anime.kirwako.com/api/avatar?name=Emmalee.Steuber',
        'Uredo delinquo theologus cenaculum articulus cicuta.',
        'https://small-anklet.com',
        27910,  -- aura will be used to calculate the aura_rank via the DB trigger
        3469,
        '2024-09-04T13:27:04.324Z',
        '2024-09-03T15:07:26.096Z'
      ),
(
        '8a0efd4e-cb14-4d5f-a4d1-436c0c23536e',
        'Hiram.Walker',
        'Hiram Walker',
        'Pfefferhaven, Hong Kong',
        'https://anime.kirwako.com/api/avatar?name=Hiram.Walker',
        'Ascisco vinculum tantillus odio tabernus substantia quia curvo strenuus ventus.',
        'https://snarling-bull.org',
        37307,  -- aura will be used to calculate the aura_rank via the DB trigger
        1469,
        '2024-09-04T05:33:04.008Z',
        '2024-09-04T13:32:43.577Z'
      ),
(
        '4b797181-6946-4dab-97ec-4e5891858f6d',
        'Walker_Harvey57',
        'Walker Harvey',
        'Yakima, Sierra Leone',
        'https://anime.kirwako.com/api/avatar?name=Walker_Harvey57',
        'Umquam patria supellex spoliatio somnus claudeo curvo villa.',
        'https://subtle-chalet.org',
        36330,  -- aura will be used to calculate the aura_rank via the DB trigger
        1168,
        '2024-09-03T20:27:42.054Z',
        '2024-09-04T03:25:29.004Z'
      ),
(
        '44e8164c-e9e8-4c90-91fc-a9176dfc7ae9',
        'Gregg_Koepp22',
        'Gregg Koepp',
        'Guaynabo, Saint Pierre and Miquelon',
        'https://anime.kirwako.com/api/avatar?name=Gregg_Koepp22',
        'Denuncio vigilo tero calcar conturbo dolores amita ustulo cauda tristis.',
        'https://hefty-battle.info/',
        23890,  -- aura will be used to calculate the aura_rank via the DB trigger
        1748,
        '2024-09-04T05:41:18.573Z',
        '2024-09-04T01:11:35.975Z'
      ),
(
        'e8738a0c-13b2-427f-811f-b3e96c4ed147',
        'Nikita.Koelpin',
        'Nikita Koelpin',
        'White Plains, Cook Islands',
        'https://anime.kirwako.com/api/avatar?name=Nikita.Koelpin',
        'Creptio contego carbo solio necessitatibus cras texo defaeco cariosus.',
        'https://jaunty-objective.net',
        43180,  -- aura will be used to calculate the aura_rank via the DB trigger
        875,
        '2024-09-04T02:46:06.562Z',
        '2024-09-03T18:16:40.251Z'
      ),
(
        '5ddd8c6c-661e-4071-a9db-80bba73ef857',
        'Abagail_Hills97',
        'Abagail Hills',
        'New Albin, Saudi Arabia',
        'https://anime.kirwako.com/api/avatar?name=Abagail_Hills97',
        'Avaritia sollers circumvenio aptus conor debitis conservo tondeo ara terga.',
        'https://violet-ordination.name/',
        27137,  -- aura will be used to calculate the aura_rank via the DB trigger
        9949,
        '2024-09-04T12:51:21.591Z',
        '2024-09-04T04:14:37.973Z'
      ),
(
        '84705674-7c2d-49a2-9a57-37bae8cba5c0',
        'Janie.Bahringer',
        'Janie Bahringer',
        'Rahsaanstad, Cocos (Keeling) Islands',
        'https://anime.kirwako.com/api/avatar?name=Janie.Bahringer',
        'Adficio aestus turbo.',
        'https://wooden-exocrine.info',
        1463,  -- aura will be used to calculate the aura_rank via the DB trigger
        250,
        '2024-09-04T13:28:14.009Z',
        '2024-09-03T16:27:47.473Z'
      ),
(
        '4adffc0f-12cf-4fc4-ad17-f839e74528c8',
        'Bonnie_Sanford-Ebert',
        'Bonnie Sanford-Ebert',
        'Pleasanton, French Southern Territories',
        'https://anime.kirwako.com/api/avatar?name=Bonnie_Sanford-Ebert',
        'Corpus aggero eligendi deputo valeo appono antea vero.',
        'https://hateful-signup.biz/',
        6540,  -- aura will be used to calculate the aura_rank via the DB trigger
        6203,
        '2024-09-04T07:04:16.866Z',
        '2024-09-04T07:38:07.513Z'
      ),
(
        '1128a336-f7d4-4b3a-b7c2-42982e40c349',
        'Kip.Doyle66',
        'Kip Doyle',
        'South Isabel, Timor-Leste',
        'https://anime.kirwako.com/api/avatar?name=Kip.Doyle66',
        'Sublime quis administratio recusandae constans desidero amissio defaeco.',
        'https://reliable-amnesty.com/',
        7974,  -- aura will be used to calculate the aura_rank via the DB trigger
        745,
        '2024-09-03T14:18:26.172Z',
        '2024-09-03T16:27:18.712Z'
      ),
(
        'c67c39fb-7fb5-408f-ad4f-3cc10df429f8',
        'Sunny.Mueller66',
        'Sunny Mueller',
        'Darrinworth, Ecuador',
        'https://anime.kirwako.com/api/avatar?name=Sunny.Mueller66',
        'Cunctatio vapulus verus aetas calculus templum verto quibusdam.',
        'https://shadowy-cookie.info',
        27662,  -- aura will be used to calculate the aura_rank via the DB trigger
        1316,
        '2024-09-04T07:43:33.288Z',
        '2024-09-03T18:39:38.151Z'
      ),
(
        '02a8b8e4-6f8c-49fe-b1dc-3ae59f9e6fec',
        'Tamia.Legros34',
        'Tamia Legros',
        'Morgan Hill, Samoa',
        'https://anime.kirwako.com/api/avatar?name=Tamia.Legros34',
        'Cavus voluptates argentum comis asporto sophismata.',
        'https://admirable-expansion.org',
        49365,  -- aura will be used to calculate the aura_rank via the DB trigger
        4261,
        '2024-09-03T20:35:07.361Z',
        '2024-09-04T09:08:58.101Z'
      ),
(
        '80d0ebc4-0d6f-4c5b-8da5-f49f19794623',
        'Annabell.Metz',
        'Annabell Metz',
        'West Lon, Mexico',
        'https://anime.kirwako.com/api/avatar?name=Annabell.Metz',
        'Atqui via debeo crebro.',
        'https://official-stool.org',
        43250,  -- aura will be used to calculate the aura_rank via the DB trigger
        6896,
        '2024-09-04T09:31:17.010Z',
        '2024-09-04T06:02:22.564Z'
      ),
(
        '30c53000-bf0b-4265-95da-22048931258d',
        'Leda_Murphy',
        'Leda Murphy',
        'Monterey Park, Bahrain',
        'https://anime.kirwako.com/api/avatar?name=Leda_Murphy',
        'Suppellex tollo angelus substantia tutamen aegrotatio.',
        'https://thick-foodstuffs.com',
        19645,  -- aura will be used to calculate the aura_rank via the DB trigger
        7779,
        '2024-09-04T04:14:45.197Z',
        '2024-09-04T10:55:34.184Z'
      ),
(
        '4da0be29-7c6b-4c41-bc1e-7e514bf99c0e',
        'Marielle.Weimann78',
        'Marielle Weimann',
        'Fort Lesly, Pitcairn Islands',
        'https://anime.kirwako.com/api/avatar?name=Marielle.Weimann78',
        'Exercitationem allatus theatrum cibo comedo cerno brevis abundans doloremque.',
        'https://cavernous-escalator.com/',
        5680,  -- aura will be used to calculate the aura_rank via the DB trigger
        5916,
        '2024-09-03T18:17:00.204Z',
        '2024-09-03T13:58:04.372Z'
      ),
(
        '2e7273a1-21c4-447b-b86c-11bffc7c90fa',
        'Claud_Pouros29',
        'Claud Pouros',
        'West Jennie, Comoros',
        'https://anime.kirwako.com/api/avatar?name=Claud_Pouros29',
        'Cruentus occaecati vilicus voveo cur nam tot alienus delectatio.',
        'https://left-lizard.biz',
        4270,  -- aura will be used to calculate the aura_rank via the DB trigger
        1985,
        '2024-09-04T10:47:27.936Z',
        '2024-09-04T02:02:51.084Z'
      ),
(
        'dd05e429-e1a5-4fbe-92b7-0ddf83d5726a',
        'Frederique_Littel17',
        'Frederique Littel',
        'Simi Valley, Argentina',
        'https://anime.kirwako.com/api/avatar?name=Frederique_Littel17',
        'Curto uxor animus aqua adinventitias cilicium adhaero corona aegre solvo.',
        'https://earnest-use.biz',
        39476,  -- aura will be used to calculate the aura_rank via the DB trigger
        7952,
        '2024-09-03T19:15:27.373Z',
        '2024-09-04T05:27:11.503Z'
      ),
(
        'b09396a4-cce1-4baa-be3e-004c6ebba8c9',
        'Lenore_Treutel29',
        'Lenore Treutel',
        'New Dericktown, Guinea',
        'https://anime.kirwako.com/api/avatar?name=Lenore_Treutel29',
        'Crebro utrum qui delibero auctus asper vallum.',
        'https://ringed-mineral.com',
        5371,  -- aura will be used to calculate the aura_rank via the DB trigger
        453,
        '2024-09-03T20:39:43.631Z',
        '2024-09-03T17:24:14.356Z'
      ),
(
        'ec09a657-dd30-4767-90de-bd3df81a612d',
        'Reilly.Raynor',
        'Reilly Raynor',
        'Rustycester, Marshall Islands',
        'https://anime.kirwako.com/api/avatar?name=Reilly.Raynor',
        'Aestus teneo bis apud numquam amaritudo creta statua.',
        'https://awkward-pitch.name',
        19729,  -- aura will be used to calculate the aura_rank via the DB trigger
        795,
        '2024-09-04T01:35:51.557Z',
        '2024-09-04T00:27:42.490Z'
      ),
(
        '1828c46d-a1c8-4c3c-b22c-1be7d57234cb',
        'Raina_Herzog',
        'Raina Herzog',
        'Tinley Park, Anguilla',
        'https://anime.kirwako.com/api/avatar?name=Raina_Herzog',
        'Denuncio officiis strenuus.',
        'https://thick-beyond.info/',
        788,  -- aura will be used to calculate the aura_rank via the DB trigger
        2283,
        '2024-09-03T20:46:53.716Z',
        '2024-09-04T02:29:42.081Z'
      ),
(
        '73e5602d-b4e3-4e40-912d-92344f7a4f9d',
        'Jed_Leffler',
        'Jed Leffler',
        'North Wilma, Cyprus',
        'https://anime.kirwako.com/api/avatar?name=Jed_Leffler',
        'Dedico crebro eaque.',
        'https://truthful-ramen.info',
        3768,  -- aura will be used to calculate the aura_rank via the DB trigger
        6081,
        '2024-09-04T07:10:53.141Z',
        '2024-09-04T08:53:10.841Z'
      ),
(
        'c246a6e6-6074-4563-8bbe-02434ba07d31',
        'Hal.Lehner',
        'Hal Lehner',
        'Tacoma, Guinea-Bissau',
        'https://anime.kirwako.com/api/avatar?name=Hal.Lehner',
        'Certe defero aliquid denego.',
        'https://delayed-god.org/',
        3741,  -- aura will be used to calculate the aura_rank via the DB trigger
        5807,
        '2024-09-04T03:48:12.454Z',
        '2024-09-03T20:30:13.845Z'
      ),
(
        '0a5721e0-aa5f-41a0-87aa-bc6aef4fe1fc',
        'Arely.Nolan',
        'Arely Nolan',
        'East Jackyville, Svalbard & Jan Mayen Islands',
        'https://anime.kirwako.com/api/avatar?name=Arely.Nolan',
        'Cruciamentum basium argentum varietas crustulum truculenter apto.',
        'https://nutritious-response.net/',
        47009,  -- aura will be used to calculate the aura_rank via the DB trigger
        5931,
        '2024-09-04T03:37:20.352Z',
        '2024-09-04T04:01:20.229Z'
      ),
(
        '1910975a-84af-4c6a-950c-d67a0e6dde3b',
        'Lavonne_Mosciski',
        'Lavonne Mosciski',
        'South Sidney, Poland',
        'https://anime.kirwako.com/api/avatar?name=Lavonne_Mosciski',
        'Claro audio admitto velociter alienus temporibus tergiversatio alii articulus videlicet.',
        'https://genuine-commander.net',
        22942,  -- aura will be used to calculate the aura_rank via the DB trigger
        561,
        '2024-09-04T08:16:27.110Z',
        '2024-09-04T00:25:09.228Z'
      ),
(
        '3b95ee4c-ecc9-49a1-9ccc-d44f74d8175f',
        'Reagan.Connelly11',
        'Reagan Connelly',
        'Thielboro, Niger',
        'https://anime.kirwako.com/api/avatar?name=Reagan.Connelly11',
        'Aegrotatio quae cruciamentum censura.',
        'https://vigilant-prize.name',
        32594,  -- aura will be used to calculate the aura_rank via the DB trigger
        1046,
        '2024-09-04T13:19:13.731Z',
        '2024-09-03T20:13:25.918Z'
      ),
(
        '9e457d61-1261-438a-ab3f-9d1052537163',
        'Dahlia.Bartell',
        'Dahlia Bartell',
        'Montyborough, Bermuda',
        'https://anime.kirwako.com/api/avatar?name=Dahlia.Bartell',
        'Una vespillo cohors debeo sponte tracto adduco defluo.',
        'https://blushing-proliferation.info/',
        43042,  -- aura will be used to calculate the aura_rank via the DB trigger
        3192,
        '2024-09-03T15:57:20.220Z',
        '2024-09-04T09:18:05.326Z'
      ),
(
        '5cab31ec-8f5c-47e0-be62-6e875049756a',
        'Josefa.Von70',
        'Josefa Von',
        'Dunwoody, Denmark',
        'https://anime.kirwako.com/api/avatar?name=Josefa.Von70',
        'Tumultus non vestrum considero thesaurus absum cunabula circumvenio.',
        'https://well-worn-plenty.net',
        37311,  -- aura will be used to calculate the aura_rank via the DB trigger
        3405,
        '2024-09-04T02:56:59.627Z',
        '2024-09-04T07:18:34.943Z'
      ),
(
        'd78b404b-177e-44ad-bb9a-7d555303a6b0',
        'Ellie_Bashirian73',
        'Ellie Bashirian',
        'Stockton, Belize',
        'https://anime.kirwako.com/api/avatar?name=Ellie_Bashirian73',
        'Vociferor volubilis delibero tertius beatus subnecto accusamus colligo.',
        'https://enraged-pigeon.com/',
        3931,  -- aura will be used to calculate the aura_rank via the DB trigger
        568,
        '2024-09-04T01:24:36.394Z',
        '2024-09-04T09:29:27.636Z'
      ),
(
        'c62d660b-4066-46c7-b683-d699ebf39b21',
        'Godfrey_Hammes',
        'Godfrey Hammes',
        'Wilson, Chile',
        'https://anime.kirwako.com/api/avatar?name=Godfrey_Hammes',
        'Est absorbeo turba derelinquo sustineo illum eveniet derelinquo clementia.',
        'https://yellow-trapezium.name/',
        40771,  -- aura will be used to calculate the aura_rank via the DB trigger
        5454,
        '2024-09-04T12:36:58.605Z',
        '2024-09-03T18:31:40.400Z'
      ),
(
        '68043bb4-aff9-4942-8892-78f48902b448',
        'Ernest.Okuneva',
        'Ernest Okuneva',
        'Lake Alekport, Nicaragua',
        'https://anime.kirwako.com/api/avatar?name=Ernest.Okuneva',
        'Crux vestigium exercitationem circumvenio amita.',
        'https://quaint-housing.info/',
        46651,  -- aura will be used to calculate the aura_rank via the DB trigger
        969,
        '2024-09-04T04:07:43.204Z',
        '2024-09-04T00:07:26.862Z'
      ),
(
        '04ac1a14-7d8e-451a-935d-e2adbecdf463',
        'Wellington_Tromp',
        'Wellington Tromp',
        'South Tevin, Lithuania',
        'https://anime.kirwako.com/api/avatar?name=Wellington_Tromp',
        'Deputo via civis modi.',
        'https://compassionate-dairy.info/',
        23218,  -- aura will be used to calculate the aura_rank via the DB trigger
        1502,
        '2024-09-03T23:13:40.154Z',
        '2024-09-04T08:49:53.746Z'
      ),
(
        '2cc57c55-9182-4cc8-84aa-498922556424',
        'Lacy.Mosciski37',
        'Lacy Mosciski',
        'Sierra Vista, Saint Barthelemy',
        'https://anime.kirwako.com/api/avatar?name=Lacy.Mosciski37',
        'Quis ipsa pel addo doloribus vilicus suppellex calculus somnus versus.',
        'https://adept-peninsula.net',
        30426,  -- aura will be used to calculate the aura_rank via the DB trigger
        8469,
        '2024-09-03T17:49:05.519Z',
        '2024-09-03T16:14:59.684Z'
      ),
(
        '0b625744-b899-46fb-9b8d-44c9b343b007',
        'Chet_Pacocha33',
        'Chet Pacocha',
        'Fontana, Heard Island and McDonald Islands',
        'https://anime.kirwako.com/api/avatar?name=Chet_Pacocha33',
        'Valetudo bellicus clam virga acceptus tepesco spiculum speculum caute.',
        'https://honorable-broccoli.org/',
        12540,  -- aura will be used to calculate the aura_rank via the DB trigger
        4305,
        '2024-09-04T06:05:51.351Z',
        '2024-09-03T16:55:13.062Z'
      ),
(
        'c56db1c2-da2a-4626-b080-a34b8ec86b5a',
        'Annabell_VonRueden',
        'Annabell VonRueden',
        'Padbergcester, Papua New Guinea',
        'https://anime.kirwako.com/api/avatar?name=Annabell_VonRueden',
        'Casso degenero titulus tantillus caecus occaecati caput bos terra casso.',
        'https://these-plagiarism.net',
        47256,  -- aura will be used to calculate the aura_rank via the DB trigger
        576,
        '2024-09-03T22:17:55.465Z',
        '2024-09-03T22:08:14.865Z'
      ),
(
        '6d181bdb-dd11-4fa2-817f-2700143c3243',
        'Ewald_Hermann',
        'Ewald Hermann',
        'Hackettburgh, Holy See (Vatican City State)',
        'https://anime.kirwako.com/api/avatar?name=Ewald_Hermann',
        'Decretum ater vulgivagus vesica.',
        'https://cooked-thunderstorm.info/',
        30807,  -- aura will be used to calculate the aura_rank via the DB trigger
        7558,
        '2024-09-04T02:10:40.236Z',
        '2024-09-03T21:51:29.995Z'
      ),
(
        '72b784f3-7966-4ef9-b275-ba79725942ca',
        'Vivien.Okuneva',
        'Vivien Okuneva',
        'Shaneltown, Monaco',
        'https://anime.kirwako.com/api/avatar?name=Vivien.Okuneva',
        'Arx capillus consequuntur venio.',
        'https://violent-bidet.net',
        34202,  -- aura will be used to calculate the aura_rank via the DB trigger
        644,
        '2024-09-03T19:58:35.772Z',
        '2024-09-04T13:37:58.310Z'
      ),
(
        'e9814a26-e56e-4b67-97a7-5130285a7656',
        'Kaycee_Wolff27',
        'Kaycee Wolff',
        'North Gordon, Togo',
        'https://anime.kirwako.com/api/avatar?name=Kaycee_Wolff27',
        'Truculenter vomito currus casso angulus.',
        'https://pleased-guacamole.org',
        49162,  -- aura will be used to calculate the aura_rank via the DB trigger
        9746,
        '2024-09-04T04:43:14.454Z',
        '2024-09-03T16:30:46.339Z'
      ),
(
        '438b407a-6a85-4461-b892-1c395fb5f58e',
        'Elbert_Weimann37',
        'Elbert Weimann',
        'Wymanview, Cook Islands',
        'https://anime.kirwako.com/api/avatar?name=Elbert_Weimann37',
        'Argumentum repellat cur sollers veritatis sumo.',
        'https://high-moment.name/',
        10763,  -- aura will be used to calculate the aura_rank via the DB trigger
        7038,
        '2024-09-03T20:15:56.447Z',
        '2024-09-03T22:51:09.570Z'
      ),
(
        'c7f40ed6-530d-4ff9-abcd-3a9c187cc788',
        'Travon.Aufderhar56',
        'Travon Aufderhar',
        'Tristianside, Indonesia',
        'https://anime.kirwako.com/api/avatar?name=Travon.Aufderhar56',
        'Aureus alias sperno triduana patior vere.',
        'https://original-blanket.com',
        4716,  -- aura will be used to calculate the aura_rank via the DB trigger
        2998,
        '2024-09-04T06:56:32.177Z',
        '2024-09-04T00:25:48.852Z'
      ),
(
        '8a0e5683-a562-4a55-8614-8a2355ddefee',
        'Gabe.Hand89',
        'Gabe Hand',
        'Lake Markus, Gibraltar',
        'https://anime.kirwako.com/api/avatar?name=Gabe.Hand89',
        'Esse reprehenderit condico stultus ager deduco coniecto.',
        'https://spry-abacus.com/',
        23524,  -- aura will be used to calculate the aura_rank via the DB trigger
        7331,
        '2024-09-04T04:12:12.913Z',
        '2024-09-03T14:46:25.978Z'
      ),
(
        'c1c6d3f0-e15c-40cc-bd96-5c1ef763cf6a',
        'Emmitt.Hessel80',
        'Emmitt Hessel',
        'Hammesburgh, Haiti',
        'https://anime.kirwako.com/api/avatar?name=Emmitt.Hessel80',
        'Umbra tremo aetas itaque comedo inflammatio vesper.',
        'https://primary-bustle.net/',
        33899,  -- aura will be used to calculate the aura_rank via the DB trigger
        8852,
        '2024-09-04T01:32:46.665Z',
        '2024-09-04T05:17:38.934Z'
      ),
(
        'bf8a2d98-f6bc-403f-8197-9b05f2d28d95',
        'Blanche.Mertz88',
        'Blanche Mertz',
        'Harbertown, Botswana',
        'https://anime.kirwako.com/api/avatar?name=Blanche.Mertz88',
        'Aspernatur aro veritatis.',
        'https://cheap-stance.net',
        16619,  -- aura will be used to calculate the aura_rank via the DB trigger
        8797,
        '2024-09-03T18:45:01.838Z',
        '2024-09-04T02:54:15.736Z'
      ),
(
        '7659ff64-fcaf-4c76-9637-ce5e56e0f218',
        'Novella.Denesik35',
        'Novella Denesik',
        'Boscoshire, Bulgaria',
        'https://anime.kirwako.com/api/avatar?name=Novella.Denesik35',
        'Bellum decipio vilitas.',
        'https://fatherly-examiner.name',
        29495,  -- aura will be used to calculate the aura_rank via the DB trigger
        9854,
        '2024-09-04T06:54:07.574Z',
        '2024-09-03T19:26:48.532Z'
      ),
(
        '72df709c-a9f4-4eee-8384-1330c56787ad',
        'Serena.Krajcik',
        'Serena Krajcik',
        'Lake Elta, Isle of Man',
        'https://anime.kirwako.com/api/avatar?name=Serena.Krajcik',
        'Distinctio capto aperiam blanditiis truculenter.',
        'https://incomplete-caramel.net',
        27715,  -- aura will be used to calculate the aura_rank via the DB trigger
        370,
        '2024-09-03T17:45:02.446Z',
        '2024-09-04T04:30:50.861Z'
      ),
(
        '2e6e561f-1051-4bf4-a64f-1a7de6cbf111',
        'Garry.McKenzie7',
        'Garry McKenzie',
        'Vista, French Polynesia',
        'https://anime.kirwako.com/api/avatar?name=Garry.McKenzie7',
        'Cenaculum corona tamdiu admiratio clibanus cinis versus.',
        'https://showy-cria.org/',
        26856,  -- aura will be used to calculate the aura_rank via the DB trigger
        6333,
        '2024-09-03T17:59:57.269Z',
        '2024-09-04T01:55:32.860Z'
      ),
(
        '1d07c7bd-4c33-442c-9845-f045f11306d6',
        'Brittany_Schowalter',
        'Brittany Schowalter',
        'Castro Valley, Belarus',
        'https://anime.kirwako.com/api/avatar?name=Brittany_Schowalter',
        'Titulus peior voveo.',
        'https://worthwhile-linseed.info/',
        43103,  -- aura will be used to calculate the aura_rank via the DB trigger
        8766,
        '2024-09-04T07:56:09.420Z',
        '2024-09-04T13:36:22.041Z'
      ),
(
        '60167655-02a6-4560-8a02-04a160ff1c79',
        'Jaime_Mayert-Kerluke',
        'Jaime Mayert-Kerluke',
        'Kuhlmanboro, Macao',
        'https://anime.kirwako.com/api/avatar?name=Jaime_Mayert-Kerluke',
        'Somnus socius sollicito animi surculus patruus cohibeo voro tracto uberrime.',
        'https://several-chino.org/',
        46404,  -- aura will be used to calculate the aura_rank via the DB trigger
        1401,
        '2024-09-04T12:11:51.302Z',
        '2024-09-04T07:37:44.034Z'
      ),
(
        'bb7d82d7-f788-4830-bfb1-d09cb57384c4',
        'Augusta_Keebler',
        'Augusta Keebler',
        'Fort Brandonfield, Mayotte',
        'https://anime.kirwako.com/api/avatar?name=Augusta_Keebler',
        'Terminatio laborum deleniti.',
        'https://bubbly-subtitle.biz',
        48918,  -- aura will be used to calculate the aura_rank via the DB trigger
        7405,
        '2024-09-03T16:29:28.717Z',
        '2024-09-03T15:07:54.379Z'
      ),
(
        '022d70d9-8cb6-463f-8973-d073edf14869',
        'Estefania.Grady12',
        'Estefania Grady',
        'South Nikolasshire, Reunion',
        'https://anime.kirwako.com/api/avatar?name=Estefania.Grady12',
        'Varius aegrus desidero demonstro.',
        'https://offbeat-enigma.com',
        29257,  -- aura will be used to calculate the aura_rank via the DB trigger
        605,
        '2024-09-04T07:14:44.587Z',
        '2024-09-03T17:13:39.539Z'
      ),
(
        '26de1fca-6dba-42f7-8c46-c4e1e0024695',
        'Stone.Lesch93',
        'Stone Lesch',
        'Legroston, Spain',
        'https://anime.kirwako.com/api/avatar?name=Stone.Lesch93',
        'Aestus thesaurus reprehenderit alo.',
        'https://excitable-derrick.org/',
        20868,  -- aura will be used to calculate the aura_rank via the DB trigger
        2649,
        '2024-09-04T04:50:47.673Z',
        '2024-09-04T12:26:18.231Z'
      );
    


    INSERT INTO follows (follower_id, followed_id, followed_at) VALUES
    (
        '4adffc0f-12cf-4fc4-ad17-f839e74528c8',
        'c748c9ed-17d3-4337-91dc-fefbddabf1ee',
        '2024-09-04T07:46:15.066Z'
      ),
(
        '6d181bdb-dd11-4fa2-817f-2700143c3243',
        'd0176979-25c7-47a9-9716-9a6b8a7fc433',
        '2024-09-04T11:02:04.641Z'
      ),
(
        '5aedf930-2cf6-4cf6-83a7-ce5aba6429df',
        '4c3750fa-b734-4a8e-8d32-48aec600a5d8',
        '2024-09-03T21:09:31.700Z'
      ),
(
        '8780b613-5bf5-4350-b12f-75efedb6524b',
        '2e6e561f-1051-4bf4-a64f-1a7de6cbf111',
        '2024-09-03T23:34:33.353Z'
      ),
(
        'dd05e429-e1a5-4fbe-92b7-0ddf83d5726a',
        'bb7d82d7-f788-4830-bfb1-d09cb57384c4',
        '2024-09-04T13:55:06.285Z'
      ),
(
        'c246a6e6-6074-4563-8bbe-02434ba07d31',
        'c1c6d3f0-e15c-40cc-bd96-5c1ef763cf6a',
        '2024-09-04T08:19:44.160Z'
      ),
(
        '2224f7a8-aebf-4795-9e4f-ac4abd15d88d',
        'af19d67e-90f2-4022-95db-d1b8b36645c7',
        '2024-09-03T21:00:13.388Z'
      ),
(
        '9e5af780-1be4-4a9b-9748-b4c6502ea195',
        '1910975a-84af-4c6a-950c-d67a0e6dde3b',
        '2024-09-04T04:23:02.382Z'
      ),
(
        '7be6fea3-401a-4673-84e0-6b324311f013',
        'c56db1c2-da2a-4626-b080-a34b8ec86b5a',
        '2024-09-03T16:56:32.881Z'
      ),
(
        'c2626408-2638-4869-ab14-1f2055e3f218',
        '8a0e5683-a562-4a55-8614-8a2355ddefee',
        '2024-09-04T11:19:01.889Z'
      ),
(
        '1128a336-f7d4-4b3a-b7c2-42982e40c349',
        '7c6fc83c-6bc4-415c-a43c-b10ea1733820',
        '2024-09-03T16:43:51.136Z'
      ),
(
        '4a5c6dd6-eef6-472f-99ef-515249a04f42',
        'c246a6e6-6074-4563-8bbe-02434ba07d31',
        '2024-09-04T00:54:39.358Z'
      ),
(
        '4c3750fa-b734-4a8e-8d32-48aec600a5d8',
        '4da0be29-7c6b-4c41-bc1e-7e514bf99c0e',
        '2024-09-03T15:25:28.281Z'
      ),
(
        '4c3750fa-b734-4a8e-8d32-48aec600a5d8',
        'df7a2669-ad17-4350-a041-c4688438a4f8',
        '2024-09-03T15:32:44.123Z'
      ),
(
        '5ddd8c6c-661e-4071-a9db-80bba73ef857',
        '84705674-7c2d-49a2-9a57-37bae8cba5c0',
        '2024-09-03T17:24:12.556Z'
      ),
(
        'c67c39fb-7fb5-408f-ad4f-3cc10df429f8',
        '1d07c7bd-4c33-442c-9845-f045f11306d6',
        '2024-09-03T18:45:09.646Z'
      ),
(
        '80d0ebc4-0d6f-4c5b-8da5-f49f19794623',
        '2e6e561f-1051-4bf4-a64f-1a7de6cbf111',
        '2024-09-04T07:06:12.488Z'
      ),
(
        '8a0e5683-a562-4a55-8614-8a2355ddefee',
        '438b407a-6a85-4461-b892-1c395fb5f58e',
        '2024-09-04T00:23:06.513Z'
      ),
(
        '80402c8d-ede3-48c3-888e-f9ca9cf1ee57',
        'c67c39fb-7fb5-408f-ad4f-3cc10df429f8',
        '2024-09-03T16:03:34.538Z'
      ),
(
        'f44a7b49-b5da-4d7c-b5ec-01a621373438',
        '5ddd8c6c-661e-4071-a9db-80bba73ef857',
        '2024-09-03T23:36:40.788Z'
      ),
(
        '84705674-7c2d-49a2-9a57-37bae8cba5c0',
        'c2626408-2638-4869-ab14-1f2055e3f218',
        '2024-09-03T23:11:11.418Z'
      ),
(
        'c71efd12-3bc4-469e-99ae-95133b966a93',
        '80402c8d-ede3-48c3-888e-f9ca9cf1ee57',
        '2024-09-03T18:59:05.142Z'
      ),
(
        'df7ec732-9582-4629-b190-cb5c174b7606',
        '1d07c7bd-4c33-442c-9845-f045f11306d6',
        '2024-09-03T18:21:08.837Z'
      ),
(
        '7645eff6-ec8c-4b9d-a24f-4fdf9f31a0b2',
        '1128a336-f7d4-4b3a-b7c2-42982e40c349',
        '2024-09-04T10:59:36.917Z'
      ),
(
        '2cc57c55-9182-4cc8-84aa-498922556424',
        '5cab31ec-8f5c-47e0-be62-6e875049756a',
        '2024-09-04T06:36:49.026Z'
      ),
(
        'f193abdc-3c11-4865-8a49-b2b89ee395ea',
        '89924eb8-584c-4bd2-8a5f-4f2249a88c10',
        '2024-09-04T09:07:55.152Z'
      ),
(
        '0b625744-b899-46fb-9b8d-44c9b343b007',
        '852fa0df-326b-4336-836a-41cd6d786083',
        '2024-09-04T08:44:24.771Z'
      ),
(
        '1d07c7bd-4c33-442c-9845-f045f11306d6',
        'c62d660b-4066-46c7-b683-d699ebf39b21',
        '2024-09-04T00:08:28.188Z'
      ),
(
        '8cb9a8d2-0e1e-4261-956c-57fa45abe0fe',
        '5128a175-cd53-4a99-929b-1c2821fbbc7d',
        '2024-09-04T00:54:12.083Z'
      ),
(
        '30c53000-bf0b-4265-95da-22048931258d',
        'c56db1c2-da2a-4626-b080-a34b8ec86b5a',
        '2024-09-03T23:27:18.711Z'
      ),
(
        'f193abdc-3c11-4865-8a49-b2b89ee395ea',
        '3c92149b-7a9f-4616-b8ef-9f0931f5fe2d',
        '2024-09-03T16:51:45.703Z'
      ),
(
        '5aedf930-2cf6-4cf6-83a7-ce5aba6429df',
        'ec09a657-dd30-4767-90de-bd3df81a612d',
        '2024-09-04T06:27:39.928Z'
      ),
(
        'ec09a657-dd30-4767-90de-bd3df81a612d',
        'dd05e429-e1a5-4fbe-92b7-0ddf83d5726a',
        '2024-09-04T13:22:47.971Z'
      ),
(
        'a3004883-2d56-457c-8f01-5a248352f659',
        '5128a175-cd53-4a99-929b-1c2821fbbc7d',
        '2024-09-04T02:10:57.960Z'
      ),
(
        'c71efd12-3bc4-469e-99ae-95133b966a93',
        '60167655-02a6-4560-8a02-04a160ff1c79',
        '2024-09-04T03:23:58.421Z'
      ),
(
        'd1c20062-dc50-4d1d-b51d-9b7240518f91',
        '5ddd8c6c-661e-4071-a9db-80bba73ef857',
        '2024-09-03T19:57:27.476Z'
      ),
(
        '7057b768-2399-416b-9851-7fe19c6d51a0',
        'e9814a26-e56e-4b67-97a7-5130285a7656',
        '2024-09-04T11:26:14.104Z'
      ),
(
        '29ebd667-7c46-48a9-9a17-13c07e4b7d09',
        'f71b10fc-f201-4741-9ae6-d00c7660fe2b',
        '2024-09-04T09:43:05.648Z'
      ),
(
        'ec09a657-dd30-4767-90de-bd3df81a612d',
        'e9814a26-e56e-4b67-97a7-5130285a7656',
        '2024-09-04T09:16:12.185Z'
      ),
(
        '1910975a-84af-4c6a-950c-d67a0e6dde3b',
        '8cb9a8d2-0e1e-4261-956c-57fa45abe0fe',
        '2024-09-04T01:50:12.376Z'
      ),
(
        '60ab6c5b-6319-427c-b5a4-2c3755f7b75c',
        'c246a6e6-6074-4563-8bbe-02434ba07d31',
        '2024-09-04T04:23:12.177Z'
      ),
(
        'c7f40ed6-530d-4ff9-abcd-3a9c187cc788',
        'f4658378-634e-4a7c-a661-2709f753c7ce',
        '2024-09-04T07:33:48.017Z'
      ),
(
        '3b95ee4c-ecc9-49a1-9ccc-d44f74d8175f',
        'f44a7b49-b5da-4d7c-b5ec-01a621373438',
        '2024-09-03T21:50:56.019Z'
      ),
(
        '7c73328f-0d53-4892-b8c7-80946f2a1b27',
        'af19d67e-90f2-4022-95db-d1b8b36645c7',
        '2024-09-04T02:20:06.965Z'
      ),
(
        '5aedf930-2cf6-4cf6-83a7-ce5aba6429df',
        '5128a175-cd53-4a99-929b-1c2821fbbc7d',
        '2024-09-03T18:55:01.794Z'
      ),
(
        'd1c20062-dc50-4d1d-b51d-9b7240518f91',
        '6d181bdb-dd11-4fa2-817f-2700143c3243',
        '2024-09-04T12:17:59.785Z'
      ),
(
        'bd40f790-5d52-4d81-9e4a-241eacc54e99',
        '7659ff64-fcaf-4c76-9637-ce5e56e0f218',
        '2024-09-03T15:04:30.720Z'
      ),
(
        '4a5c6dd6-eef6-472f-99ef-515249a04f42',
        'b09396a4-cce1-4baa-be3e-004c6ebba8c9',
        '2024-09-03T22:10:16.184Z'
      ),
(
        '8780b613-5bf5-4350-b12f-75efedb6524b',
        '1d07c7bd-4c33-442c-9845-f045f11306d6',
        '2024-09-04T03:45:01.737Z'
      ),
(
        '0b625744-b899-46fb-9b8d-44c9b343b007',
        '1910975a-84af-4c6a-950c-d67a0e6dde3b',
        '2024-09-04T07:50:41.827Z'
      ),
(
        'c748c9ed-17d3-4337-91dc-fefbddabf1ee',
        'dd05e429-e1a5-4fbe-92b7-0ddf83d5726a',
        '2024-09-04T02:52:12.202Z'
      ),
(
        '6fc1f6f3-40c3-41db-a77e-ea7d0aa62c7d',
        '3b95ee4c-ecc9-49a1-9ccc-d44f74d8175f',
        '2024-09-04T04:05:44.250Z'
      ),
(
        'e122a9bf-a9c0-437e-8769-c5720edf51e3',
        '89924eb8-584c-4bd2-8a5f-4f2249a88c10',
        '2024-09-04T11:12:29.450Z'
      ),
(
        'c62d660b-4066-46c7-b683-d699ebf39b21',
        '7c73328f-0d53-4892-b8c7-80946f2a1b27',
        '2024-09-03T18:09:37.555Z'
      ),
(
        '26de1fca-6dba-42f7-8c46-c4e1e0024695',
        'f44a7b49-b5da-4d7c-b5ec-01a621373438',
        '2024-09-03T22:09:32.415Z'
      ),
(
        '9e5af780-1be4-4a9b-9748-b4c6502ea195',
        '81b1404a-195a-4c43-948d-5a320c68a9e1',
        '2024-09-03T20:44:16.026Z'
      ),
(
        '022d70d9-8cb6-463f-8973-d073edf14869',
        '84705674-7c2d-49a2-9a57-37bae8cba5c0',
        '2024-09-04T03:50:19.469Z'
      ),
(
        '5cab31ec-8f5c-47e0-be62-6e875049756a',
        '8a0efd4e-cb14-4d5f-a4d1-436c0c23536e',
        '2024-09-03T18:54:04.171Z'
      ),
(
        '4adffc0f-12cf-4fc4-ad17-f839e74528c8',
        '30c53000-bf0b-4265-95da-22048931258d',
        '2024-09-04T01:29:19.668Z'
      ),
(
        'bb7d82d7-f788-4830-bfb1-d09cb57384c4',
        '7be6fea3-401a-4673-84e0-6b324311f013',
        '2024-09-03T22:55:10.432Z'
      ),
(
        'b09396a4-cce1-4baa-be3e-004c6ebba8c9',
        'c246a6e6-6074-4563-8bbe-02434ba07d31',
        '2024-09-04T03:17:10.503Z'
      ),
(
        '852fa0df-326b-4336-836a-41cd6d786083',
        '29ebd667-7c46-48a9-9a17-13c07e4b7d09',
        '2024-09-04T06:04:35.411Z'
      ),
(
        'df7ec732-9582-4629-b190-cb5c174b7606',
        '5cab31ec-8f5c-47e0-be62-6e875049756a',
        '2024-09-03T21:02:16.563Z'
      ),
(
        'c7f40ed6-530d-4ff9-abcd-3a9c187cc788',
        '8a0e5683-a562-4a55-8614-8a2355ddefee',
        '2024-09-04T10:06:05.985Z'
      ),
(
        '72df709c-a9f4-4eee-8384-1330c56787ad',
        'f44a7b49-b5da-4d7c-b5ec-01a621373438',
        '2024-09-03T18:56:05.632Z'
      ),
(
        '7659ff64-fcaf-4c76-9637-ce5e56e0f218',
        '60ab6c5b-6319-427c-b5a4-2c3755f7b75c',
        '2024-09-03T15:42:21.050Z'
      ),
(
        '145f79a0-a3a8-4f01-9312-5836ba2c115f',
        '7be6fea3-401a-4673-84e0-6b324311f013',
        '2024-09-04T12:09:08.369Z'
      ),
(
        '96115662-e1e0-464c-8021-c17fe89189c5',
        '6d181bdb-dd11-4fa2-817f-2700143c3243',
        '2024-09-03T22:22:21.995Z'
      ),
(
        'c62d660b-4066-46c7-b683-d699ebf39b21',
        '0b625744-b899-46fb-9b8d-44c9b343b007',
        '2024-09-04T00:36:50.966Z'
      ),
(
        '60167655-02a6-4560-8a02-04a160ff1c79',
        '79ac7229-1657-40c0-ae8c-2472d815e1f1',
        '2024-09-03T21:45:57.739Z'
      ),
(
        '98396e5b-15bb-4e4a-9f8b-cc7c4fffd584',
        '8a0efd4e-cb14-4d5f-a4d1-436c0c23536e',
        '2024-09-03T19:00:50.744Z'
      ),
(
        '72b784f3-7966-4ef9-b275-ba79725942ca',
        '852fa0df-326b-4336-836a-41cd6d786083',
        '2024-09-04T02:25:47.611Z'
      ),
(
        'f193abdc-3c11-4865-8a49-b2b89ee395ea',
        'f44a7b49-b5da-4d7c-b5ec-01a621373438',
        '2024-09-04T11:29:07.527Z'
      ),
(
        '89924eb8-584c-4bd2-8a5f-4f2249a88c10',
        '2224f7a8-aebf-4795-9e4f-ac4abd15d88d',
        '2024-09-04T09:26:45.917Z'
      ),
(
        '30c53000-bf0b-4265-95da-22048931258d',
        '6d181bdb-dd11-4fa2-817f-2700143c3243',
        '2024-09-04T05:11:50.522Z'
      ),
(
        'bd40f790-5d52-4d81-9e4a-241eacc54e99',
        '1828c46d-a1c8-4c3c-b22c-1be7d57234cb',
        '2024-09-03T22:50:16.544Z'
      ),
(
        '9e457d61-1261-438a-ab3f-9d1052537163',
        '1d07c7bd-4c33-442c-9845-f045f11306d6',
        '2024-09-03T18:59:59.128Z'
      ),
(
        'df7a2669-ad17-4350-a041-c4688438a4f8',
        '4a5c6dd6-eef6-472f-99ef-515249a04f42',
        '2024-09-04T03:04:24.884Z'
      ),
(
        '80d0ebc4-0d6f-4c5b-8da5-f49f19794623',
        '3b95ee4c-ecc9-49a1-9ccc-d44f74d8175f',
        '2024-09-04T09:34:44.711Z'
      ),
(
        '04ac1a14-7d8e-451a-935d-e2adbecdf463',
        '2e7273a1-21c4-447b-b86c-11bffc7c90fa',
        '2024-09-03T18:19:55.942Z'
      ),
(
        'e3725b81-c06b-4b95-b1d3-e681da2f0792',
        'b09396a4-cce1-4baa-be3e-004c6ebba8c9',
        '2024-09-04T00:57:49.092Z'
      ),
(
        'c67c39fb-7fb5-408f-ad4f-3cc10df429f8',
        'f2d7d630-5deb-43fb-83fe-b707046dc3c7',
        '2024-09-04T07:39:38.857Z'
      ),
(
        '9e457d61-1261-438a-ab3f-9d1052537163',
        '02a8b8e4-6f8c-49fe-b1dc-3ae59f9e6fec',
        '2024-09-04T01:41:58.508Z'
      ),
(
        '5ddd8c6c-661e-4071-a9db-80bba73ef857',
        '8a0efd4e-cb14-4d5f-a4d1-436c0c23536e',
        '2024-09-03T15:48:53.551Z'
      ),
(
        'd78b404b-177e-44ad-bb9a-7d555303a6b0',
        '8cb9a8d2-0e1e-4261-956c-57fa45abe0fe',
        '2024-09-04T01:43:35.467Z'
      ),
(
        '3c92149b-7a9f-4616-b8ef-9f0931f5fe2d',
        '9e5af780-1be4-4a9b-9748-b4c6502ea195',
        '2024-09-03T23:00:38.939Z'
      ),
(
        'd1c20062-dc50-4d1d-b51d-9b7240518f91',
        'e8738a0c-13b2-427f-811f-b3e96c4ed147',
        '2024-09-04T06:36:24.543Z'
      ),
(
        '8cb9a8d2-0e1e-4261-956c-57fa45abe0fe',
        '72df709c-a9f4-4eee-8384-1330c56787ad',
        '2024-09-03T19:11:43.351Z'
      ),
(
        '6fc1f6f3-40c3-41db-a77e-ea7d0aa62c7d',
        '60ab6c5b-6319-427c-b5a4-2c3755f7b75c',
        '2024-09-04T06:40:54.423Z'
      ),
(
        'a5177bbd-3756-4ae3-9ba6-75e6b8d79e7c',
        '438b407a-6a85-4461-b892-1c395fb5f58e',
        '2024-09-04T13:20:45.390Z'
      ),
(
        '7c6fc83c-6bc4-415c-a43c-b10ea1733820',
        '999f50a2-e8c0-4898-8610-fb02011dc130',
        '2024-09-03T19:49:01.711Z'
      ),
(
        'bd40f790-5d52-4d81-9e4a-241eacc54e99',
        '2e6e561f-1051-4bf4-a64f-1a7de6cbf111',
        '2024-09-04T09:50:20.805Z'
      ),
(
        'dd05e429-e1a5-4fbe-92b7-0ddf83d5726a',
        '44e8164c-e9e8-4c90-91fc-a9176dfc7ae9',
        '2024-09-03T20:29:46.949Z'
      ),
(
        '3b95ee4c-ecc9-49a1-9ccc-d44f74d8175f',
        '84705674-7c2d-49a2-9a57-37bae8cba5c0',
        '2024-09-04T01:03:43.434Z'
      ),
(
        '26de1fca-6dba-42f7-8c46-c4e1e0024695',
        '72df709c-a9f4-4eee-8384-1330c56787ad',
        '2024-09-04T02:42:22.875Z'
      ),
(
        '6d181bdb-dd11-4fa2-817f-2700143c3243',
        '6e457038-cd26-4a20-ba22-2e34634c2dad',
        '2024-09-04T06:29:05.401Z'
      ),
(
        '72d616e7-633a-4d1b-898a-5bcc858a3f49',
        '4c3750fa-b734-4a8e-8d32-48aec600a5d8',
        '2024-09-04T03:45:47.537Z'
      ),
(
        'e122a9bf-a9c0-437e-8769-c5720edf51e3',
        '999f50a2-e8c0-4898-8610-fb02011dc130',
        '2024-09-03T23:37:24.916Z'
      ),
(
        'bf8a2d98-f6bc-403f-8197-9b05f2d28d95',
        '4c3750fa-b734-4a8e-8d32-48aec600a5d8',
        '2024-09-03T21:17:56.164Z'
      ),
(
        '4b797181-6946-4dab-97ec-4e5891858f6d',
        '30c53000-bf0b-4265-95da-22048931258d',
        '2024-09-04T02:58:49.827Z'
      ),
(
        'b1b4ff04-61cd-41b9-b254-f8f4c4e22456',
        'c56db1c2-da2a-4626-b080-a34b8ec86b5a',
        '2024-09-04T02:44:24.865Z'
      ),
(
        'bb7d82d7-f788-4830-bfb1-d09cb57384c4',
        '68043bb4-aff9-4942-8892-78f48902b448',
        '2024-09-03T14:16:08.858Z'
      ),
(
        '72d616e7-633a-4d1b-898a-5bcc858a3f49',
        'f193abdc-3c11-4865-8a49-b2b89ee395ea',
        '2024-09-03T23:14:15.975Z'
      ),
(
        'ec09a657-dd30-4767-90de-bd3df81a612d',
        '96115662-e1e0-464c-8021-c17fe89189c5',
        '2024-09-04T01:46:33.763Z'
      ),
(
        'c7f40ed6-530d-4ff9-abcd-3a9c187cc788',
        '5aedf930-2cf6-4cf6-83a7-ce5aba6429df',
        '2024-09-04T04:55:30.873Z'
      ),
(
        '6e457038-cd26-4a20-ba22-2e34634c2dad',
        'e9814a26-e56e-4b67-97a7-5130285a7656',
        '2024-09-04T08:45:29.088Z'
      ),
(
        '43e4d685-143c-4c25-b204-c15950aadfde',
        '80402c8d-ede3-48c3-888e-f9ca9cf1ee57',
        '2024-09-04T02:55:36.892Z'
      ),
(
        '68043bb4-aff9-4942-8892-78f48902b448',
        '6d181bdb-dd11-4fa2-817f-2700143c3243',
        '2024-09-04T08:53:34.786Z'
      ),
(
        '5ddd8c6c-661e-4071-a9db-80bba73ef857',
        '1828c46d-a1c8-4c3c-b22c-1be7d57234cb',
        '2024-09-03T19:06:28.972Z'
      ),
(
        '84705674-7c2d-49a2-9a57-37bae8cba5c0',
        '438b407a-6a85-4461-b892-1c395fb5f58e',
        '2024-09-04T02:01:32.524Z'
      ),
(
        '60167655-02a6-4560-8a02-04a160ff1c79',
        '4b797181-6946-4dab-97ec-4e5891858f6d',
        '2024-09-04T06:31:00.979Z'
      ),
(
        '4c3750fa-b734-4a8e-8d32-48aec600a5d8',
        '73e5602d-b4e3-4e40-912d-92344f7a4f9d',
        '2024-09-04T09:14:47.992Z'
      ),
(
        '4da0be29-7c6b-4c41-bc1e-7e514bf99c0e',
        '79ac7229-1657-40c0-ae8c-2472d815e1f1',
        '2024-09-03T21:50:07.440Z'
      ),
(
        '89924eb8-584c-4bd2-8a5f-4f2249a88c10',
        'b09396a4-cce1-4baa-be3e-004c6ebba8c9',
        '2024-09-04T07:36:25.745Z'
      ),
(
        'c56db1c2-da2a-4626-b080-a34b8ec86b5a',
        'c748c9ed-17d3-4337-91dc-fefbddabf1ee',
        '2024-09-03T19:38:45.965Z'
      ),
(
        'e3725b81-c06b-4b95-b1d3-e681da2f0792',
        '999f50a2-e8c0-4898-8610-fb02011dc130',
        '2024-09-04T12:52:43.996Z'
      ),
(
        '8a0e5683-a562-4a55-8614-8a2355ddefee',
        'c1c6d3f0-e15c-40cc-bd96-5c1ef763cf6a',
        '2024-09-03T17:16:57.045Z'
      ),
(
        'c7f40ed6-530d-4ff9-abcd-3a9c187cc788',
        '80d0ebc4-0d6f-4c5b-8da5-f49f19794623',
        '2024-09-04T05:06:12.622Z'
      ),
(
        '2e7273a1-21c4-447b-b86c-11bffc7c90fa',
        '96115662-e1e0-464c-8021-c17fe89189c5',
        '2024-09-03T18:55:42.654Z'
      ),
(
        'bd40f790-5d52-4d81-9e4a-241eacc54e99',
        'b09396a4-cce1-4baa-be3e-004c6ebba8c9',
        '2024-09-04T05:19:38.911Z'
      ),
(
        'd0176979-25c7-47a9-9716-9a6b8a7fc433',
        'dd05e429-e1a5-4fbe-92b7-0ddf83d5726a',
        '2024-09-04T09:23:10.130Z'
      ),
(
        'f2d7d630-5deb-43fb-83fe-b707046dc3c7',
        '852fa0df-326b-4336-836a-41cd6d786083',
        '2024-09-03T19:10:38.092Z'
      ),
(
        '4b797181-6946-4dab-97ec-4e5891858f6d',
        '9e5af780-1be4-4a9b-9748-b4c6502ea195',
        '2024-09-04T01:33:21.915Z'
      ),
(
        '6d181bdb-dd11-4fa2-817f-2700143c3243',
        '80402c8d-ede3-48c3-888e-f9ca9cf1ee57',
        '2024-09-04T06:47:05.922Z'
      ),
(
        '60ab6c5b-6319-427c-b5a4-2c3755f7b75c',
        '022d70d9-8cb6-463f-8973-d073edf14869',
        '2024-09-03T18:41:51.778Z'
      ),
(
        'd78b404b-177e-44ad-bb9a-7d555303a6b0',
        'f2d7d630-5deb-43fb-83fe-b707046dc3c7',
        '2024-09-04T01:28:41.298Z'
      ),
(
        'c62d660b-4066-46c7-b683-d699ebf39b21',
        '7c6fc83c-6bc4-415c-a43c-b10ea1733820',
        '2024-09-03T22:26:38.789Z'
      ),
(
        '5aedf930-2cf6-4cf6-83a7-ce5aba6429df',
        '68043bb4-aff9-4942-8892-78f48902b448',
        '2024-09-04T08:23:22.957Z'
      ),
(
        '2e7273a1-21c4-447b-b86c-11bffc7c90fa',
        '73e5602d-b4e3-4e40-912d-92344f7a4f9d',
        '2024-09-03T14:09:40.442Z'
      ),
(
        '8a0efd4e-cb14-4d5f-a4d1-436c0c23536e',
        '79ac7229-1657-40c0-ae8c-2472d815e1f1',
        '2024-09-04T02:33:16.162Z'
      ),
(
        '80d0ebc4-0d6f-4c5b-8da5-f49f19794623',
        'c62d660b-4066-46c7-b683-d699ebf39b21',
        '2024-09-04T09:43:23.756Z'
      ),
(
        '6d181bdb-dd11-4fa2-817f-2700143c3243',
        '81b1404a-195a-4c43-948d-5a320c68a9e1',
        '2024-09-04T13:36:38.018Z'
      ),
(
        '1128a336-f7d4-4b3a-b7c2-42982e40c349',
        '80d0ebc4-0d6f-4c5b-8da5-f49f19794623',
        '2024-09-03T22:55:53.268Z'
      ),
(
        '68043bb4-aff9-4942-8892-78f48902b448',
        '0b625744-b899-46fb-9b8d-44c9b343b007',
        '2024-09-04T11:16:47.830Z'
      ),
(
        '81b1404a-195a-4c43-948d-5a320c68a9e1',
        '4adffc0f-12cf-4fc4-ad17-f839e74528c8',
        '2024-09-04T00:26:29.538Z'
      ),
(
        '81b1404a-195a-4c43-948d-5a320c68a9e1',
        'f4658378-634e-4a7c-a661-2709f753c7ce',
        '2024-09-03T23:18:23.258Z'
      ),
(
        'df7ec732-9582-4629-b190-cb5c174b7606',
        '145f79a0-a3a8-4f01-9312-5836ba2c115f',
        '2024-09-04T05:32:37.238Z'
      ),
(
        '68043bb4-aff9-4942-8892-78f48902b448',
        '02a8b8e4-6f8c-49fe-b1dc-3ae59f9e6fec',
        '2024-09-03T18:04:09.501Z'
      ),
(
        'ec09a657-dd30-4767-90de-bd3df81a612d',
        '29ebd667-7c46-48a9-9a17-13c07e4b7d09',
        '2024-09-03T18:14:50.785Z'
      ),
(
        '8780b613-5bf5-4350-b12f-75efedb6524b',
        'bf8a2d98-f6bc-403f-8197-9b05f2d28d95',
        '2024-09-03T18:14:34.339Z'
      ),
(
        '7c6fc83c-6bc4-415c-a43c-b10ea1733820',
        '79ac7229-1657-40c0-ae8c-2472d815e1f1',
        '2024-09-04T03:24:39.980Z'
      ),
(
        '7057b768-2399-416b-9851-7fe19c6d51a0',
        '60ab6c5b-6319-427c-b5a4-2c3755f7b75c',
        '2024-09-03T15:43:17.212Z'
      ),
(
        'e9814a26-e56e-4b67-97a7-5130285a7656',
        'c1c6d3f0-e15c-40cc-bd96-5c1ef763cf6a',
        '2024-09-03T17:27:50.793Z'
      ),
(
        'c7f40ed6-530d-4ff9-abcd-3a9c187cc788',
        '3c92149b-7a9f-4616-b8ef-9f0931f5fe2d',
        '2024-09-03T21:22:37.012Z'
      ),
(
        'e122a9bf-a9c0-437e-8769-c5720edf51e3',
        '145f79a0-a3a8-4f01-9312-5836ba2c115f',
        '2024-09-04T06:17:02.953Z'
      ),
(
        '852fa0df-326b-4336-836a-41cd6d786083',
        '79a33a18-dc3b-4677-8528-8764ce92cfe1',
        '2024-09-04T09:30:30.143Z'
      ),
(
        'b09396a4-cce1-4baa-be3e-004c6ebba8c9',
        'e3725b81-c06b-4b95-b1d3-e681da2f0792',
        '2024-09-03T14:49:16.747Z'
      ),
(
        '73e5602d-b4e3-4e40-912d-92344f7a4f9d',
        'e8738a0c-13b2-427f-811f-b3e96c4ed147',
        '2024-09-03T17:35:23.161Z'
      ),
(
        '2cc57c55-9182-4cc8-84aa-498922556424',
        'ec09a657-dd30-4767-90de-bd3df81a612d',
        '2024-09-04T11:05:18.523Z'
      ),
(
        'f4658378-634e-4a7c-a661-2709f753c7ce',
        '5128a175-cd53-4a99-929b-1c2821fbbc7d',
        '2024-09-03T19:51:08.606Z'
      ),
(
        'e8738a0c-13b2-427f-811f-b3e96c4ed147',
        'd1c20062-dc50-4d1d-b51d-9b7240518f91',
        '2024-09-03T22:14:33.537Z'
      ),
(
        'dd05e429-e1a5-4fbe-92b7-0ddf83d5726a',
        'c1c6d3f0-e15c-40cc-bd96-5c1ef763cf6a',
        '2024-09-03T19:34:03.649Z'
      ),
(
        '3b95ee4c-ecc9-49a1-9ccc-d44f74d8175f',
        '1910975a-84af-4c6a-950c-d67a0e6dde3b',
        '2024-09-04T05:21:48.141Z'
      ),
(
        'c1c6d3f0-e15c-40cc-bd96-5c1ef763cf6a',
        '79a33a18-dc3b-4677-8528-8764ce92cfe1',
        '2024-09-03T20:41:22.132Z'
      ),
(
        '04ac1a14-7d8e-451a-935d-e2adbecdf463',
        '98396e5b-15bb-4e4a-9f8b-cc7c4fffd584',
        '2024-09-03T23:02:40.737Z'
      ),
(
        '0a5721e0-aa5f-41a0-87aa-bc6aef4fe1fc',
        'e9814a26-e56e-4b67-97a7-5130285a7656',
        '2024-09-04T02:25:56.916Z'
      ),
(
        '4b797181-6946-4dab-97ec-4e5891858f6d',
        '1d07c7bd-4c33-442c-9845-f045f11306d6',
        '2024-09-04T06:10:51.697Z'
      ),
(
        '8a0efd4e-cb14-4d5f-a4d1-436c0c23536e',
        '79a33a18-dc3b-4677-8528-8764ce92cfe1',
        '2024-09-03T20:52:30.775Z'
      ),
(
        '81b1404a-195a-4c43-948d-5a320c68a9e1',
        '43e4d685-143c-4c25-b204-c15950aadfde',
        '2024-09-03T18:31:35.053Z'
      ),
(
        'd78b404b-177e-44ad-bb9a-7d555303a6b0',
        '2e6e561f-1051-4bf4-a64f-1a7de6cbf111',
        '2024-09-03T20:58:44.655Z'
      ),
(
        'a5177bbd-3756-4ae3-9ba6-75e6b8d79e7c',
        'c7f40ed6-530d-4ff9-abcd-3a9c187cc788',
        '2024-09-04T08:04:16.635Z'
      ),
(
        '4b797181-6946-4dab-97ec-4e5891858f6d',
        '43e4d685-143c-4c25-b204-c15950aadfde',
        '2024-09-04T03:03:07.978Z'
      ),
(
        '0a5721e0-aa5f-41a0-87aa-bc6aef4fe1fc',
        'a5177bbd-3756-4ae3-9ba6-75e6b8d79e7c',
        '2024-09-04T03:35:16.902Z'
      ),
(
        '9e457d61-1261-438a-ab3f-9d1052537163',
        '80402c8d-ede3-48c3-888e-f9ca9cf1ee57',
        '2024-09-04T01:48:27.771Z'
      ),
(
        'e3725b81-c06b-4b95-b1d3-e681da2f0792',
        '6e457038-cd26-4a20-ba22-2e34634c2dad',
        '2024-09-03T21:33:39.303Z'
      ),
(
        '5128a175-cd53-4a99-929b-1c2821fbbc7d',
        '1910975a-84af-4c6a-950c-d67a0e6dde3b',
        '2024-09-04T09:40:29.398Z'
      ),
(
        'bd40f790-5d52-4d81-9e4a-241eacc54e99',
        '2e7273a1-21c4-447b-b86c-11bffc7c90fa',
        '2024-09-04T02:10:25.706Z'
      ),
(
        '72d616e7-633a-4d1b-898a-5bcc858a3f49',
        '9d6e165c-1d37-4b53-b0c2-a6f68e9f416d',
        '2024-09-04T02:38:50.767Z'
      ),
(
        '5ddd8c6c-661e-4071-a9db-80bba73ef857',
        'd78b404b-177e-44ad-bb9a-7d555303a6b0',
        '2024-09-03T15:54:02.281Z'
      ),
(
        '883ccc85-e89b-4e87-a430-dd083b1abec2',
        '0b625744-b899-46fb-9b8d-44c9b343b007',
        '2024-09-03T19:05:12.718Z'
      ),
(
        '02a8b8e4-6f8c-49fe-b1dc-3ae59f9e6fec',
        'd0176979-25c7-47a9-9716-9a6b8a7fc433',
        '2024-09-04T09:40:43.480Z'
      ),
(
        '145f79a0-a3a8-4f01-9312-5836ba2c115f',
        '8780b613-5bf5-4350-b12f-75efedb6524b',
        '2024-09-03T22:58:20.614Z'
      ),
(
        '72df709c-a9f4-4eee-8384-1330c56787ad',
        '7be6fea3-401a-4673-84e0-6b324311f013',
        '2024-09-03T20:54:38.533Z'
      ),
(
        '2cc57c55-9182-4cc8-84aa-498922556424',
        '9e457d61-1261-438a-ab3f-9d1052537163',
        '2024-09-04T12:50:10.589Z'
      ),
(
        'e8738a0c-13b2-427f-811f-b3e96c4ed147',
        'f44a7b49-b5da-4d7c-b5ec-01a621373438',
        '2024-09-03T20:18:14.738Z'
      ),
(
        '68043bb4-aff9-4942-8892-78f48902b448',
        '4a5c6dd6-eef6-472f-99ef-515249a04f42',
        '2024-09-04T05:25:27.890Z'
      ),
(
        'd0176979-25c7-47a9-9716-9a6b8a7fc433',
        '81b1404a-195a-4c43-948d-5a320c68a9e1',
        '2024-09-03T21:32:30.541Z'
      ),
(
        'e8738a0c-13b2-427f-811f-b3e96c4ed147',
        'a5177bbd-3756-4ae3-9ba6-75e6b8d79e7c',
        '2024-09-03T22:08:48.840Z'
      ),
(
        'f4658378-634e-4a7c-a661-2709f753c7ce',
        '44e8164c-e9e8-4c90-91fc-a9176dfc7ae9',
        '2024-09-04T03:26:35.956Z'
      ),
(
        '9d6e165c-1d37-4b53-b0c2-a6f68e9f416d',
        '1828c46d-a1c8-4c3c-b22c-1be7d57234cb',
        '2024-09-03T18:19:53.337Z'
      ),
(
        '5aedf930-2cf6-4cf6-83a7-ce5aba6429df',
        '7659ff64-fcaf-4c76-9637-ce5e56e0f218',
        '2024-09-03T17:23:48.551Z'
      ),
(
        'a5177bbd-3756-4ae3-9ba6-75e6b8d79e7c',
        'f44a7b49-b5da-4d7c-b5ec-01a621373438',
        '2024-09-04T00:43:34.233Z'
      ),
(
        '5cab31ec-8f5c-47e0-be62-6e875049756a',
        '02a8b8e4-6f8c-49fe-b1dc-3ae59f9e6fec',
        '2024-09-03T22:15:47.936Z'
      ),
(
        'd1c20062-dc50-4d1d-b51d-9b7240518f91',
        'c1c6d3f0-e15c-40cc-bd96-5c1ef763cf6a',
        '2024-09-04T00:19:55.464Z'
      ),
(
        '999f50a2-e8c0-4898-8610-fb02011dc130',
        '44e8164c-e9e8-4c90-91fc-a9176dfc7ae9',
        '2024-09-03T21:31:07.216Z'
      ),
(
        '7c6fc83c-6bc4-415c-a43c-b10ea1733820',
        '73e5602d-b4e3-4e40-912d-92344f7a4f9d',
        '2024-09-04T06:25:57.339Z'
      ),
(
        'a3004883-2d56-457c-8f01-5a248352f659',
        '0a5721e0-aa5f-41a0-87aa-bc6aef4fe1fc',
        '2024-09-04T09:43:48.663Z'
      ),
(
        'f4658378-634e-4a7c-a661-2709f753c7ce',
        '5cab31ec-8f5c-47e0-be62-6e875049756a',
        '2024-09-04T03:52:12.683Z'
      ),
(
        'f71b10fc-f201-4741-9ae6-d00c7660fe2b',
        '2cc57c55-9182-4cc8-84aa-498922556424',
        '2024-09-04T08:44:06.167Z'
      ),
(
        'c1c6d3f0-e15c-40cc-bd96-5c1ef763cf6a',
        'a5177bbd-3756-4ae3-9ba6-75e6b8d79e7c',
        '2024-09-04T12:05:49.636Z'
      ),
(
        'df7ec732-9582-4629-b190-cb5c174b7606',
        '438b407a-6a85-4461-b892-1c395fb5f58e',
        '2024-09-04T04:25:33.242Z'
      ),
(
        '04ac1a14-7d8e-451a-935d-e2adbecdf463',
        '883ccc85-e89b-4e87-a430-dd083b1abec2',
        '2024-09-04T04:03:02.484Z'
      ),
(
        '60ab6c5b-6319-427c-b5a4-2c3755f7b75c',
        '02a8b8e4-6f8c-49fe-b1dc-3ae59f9e6fec',
        '2024-09-04T09:37:41.240Z'
      ),
(
        '4b797181-6946-4dab-97ec-4e5891858f6d',
        '29ebd667-7c46-48a9-9a17-13c07e4b7d09',
        '2024-09-03T14:48:49.820Z'
      ),
(
        'df7ec732-9582-4629-b190-cb5c174b7606',
        '4adffc0f-12cf-4fc4-ad17-f839e74528c8',
        '2024-09-04T06:46:43.299Z'
      ),
(
        'a3004883-2d56-457c-8f01-5a248352f659',
        '1128a336-f7d4-4b3a-b7c2-42982e40c349',
        '2024-09-03T22:56:54.813Z'
      ),
(
        '6e457038-cd26-4a20-ba22-2e34634c2dad',
        'c748c9ed-17d3-4337-91dc-fefbddabf1ee',
        '2024-09-04T12:06:52.085Z'
      ),
(
        'e9814a26-e56e-4b67-97a7-5130285a7656',
        '7659ff64-fcaf-4c76-9637-ce5e56e0f218',
        '2024-09-04T11:49:26.356Z'
      ),
(
        '5aedf930-2cf6-4cf6-83a7-ce5aba6429df',
        'e8738a0c-13b2-427f-811f-b3e96c4ed147',
        '2024-09-04T09:40:42.937Z'
      ),
(
        'd78b404b-177e-44ad-bb9a-7d555303a6b0',
        '3b95ee4c-ecc9-49a1-9ccc-d44f74d8175f',
        '2024-09-04T06:27:37.057Z'
      );
  


    INSERT INTO evaluations (id, evaluator_id, evaluatee_id, essence_used, comment, created_at) VALUES
    (
      '7480dd07-c75e-44fd-82fb-64ff7d7d47c2',
      '8a0efd4e-cb14-4d5f-a4d1-436c0c23536e',
      '30c53000-bf0b-4265-95da-22048931258d',
      419,
      'Ulciscor sollers cotidie comprehendo crapula cito verto. Copia dolorum bonus quidem cogito defero id tam demonstro.',
      '2024-09-03T15:08:17.472Z'
    ),
(
      '8e8c32a5-89d9-4a89-97ea-60e31e242ac9',
      '7c6fc83c-6bc4-415c-a43c-b10ea1733820',
      'e8738a0c-13b2-427f-811f-b3e96c4ed147',
      550,
      'Carcer tero aliquid caveo alter terga venio. Toties minus arguo quos statua tergeo tantum.',
      '2024-09-04T11:08:45.009Z'
    ),
(
      '354bf489-1b49-41d7-82de-36d65d6515dd',
      '999f50a2-e8c0-4898-8610-fb02011dc130',
      '883ccc85-e89b-4e87-a430-dd083b1abec2',
      440,
      'Delinquo corrigo nam tempora. Sub vacuus alienus.',
      '2024-09-03T14:41:22.540Z'
    ),
(
      '3a916d66-e07a-4429-8418-1da01e6c1e9b',
      '2224f7a8-aebf-4795-9e4f-ac4abd15d88d',
      'f44a7b49-b5da-4d7c-b5ec-01a621373438',
      502,
      'Argumentum abbas despecto brevis. Cometes utroque curiositas suffoco cras.',
      '2024-09-04T06:59:39.735Z'
    ),
(
      '9b033027-2c87-4dd6-82ac-bc8ed18916fd',
      '79ac7229-1657-40c0-ae8c-2472d815e1f1',
      'c246a6e6-6074-4563-8bbe-02434ba07d31',
      304,
      'Solus vulticulus antiquus vociferor sono arx vulgo tergum officiis substantia. Iusto tonsor ciminatio toties celo arbustum comis crudelis voluptates video.',
      '2024-09-03T16:25:07.998Z'
    ),
(
      '61e13682-4f6e-462a-be76-b968b5b424ad',
      'e8738a0c-13b2-427f-811f-b3e96c4ed147',
      '29ebd667-7c46-48a9-9a17-13c07e4b7d09',
      738,
      'Sufficio commemoro sortitus. Accusamus canis conor antepono officiis teneo.',
      '2024-09-03T18:47:29.038Z'
    ),
(
      'e18d1754-6df1-4244-ab58-5a58f35f1a97',
      '9d6e165c-1d37-4b53-b0c2-a6f68e9f416d',
      'f4658378-634e-4a7c-a661-2709f753c7ce',
      325,
      'Totus amplus atrocitas benigne. Tametsi unus adflicto velit utroque.',
      '2024-09-03T23:29:32.297Z'
    ),
(
      '72fd78ec-80b7-4b1d-8ea6-2068d192dec7',
      'f2d7d630-5deb-43fb-83fe-b707046dc3c7',
      '6d181bdb-dd11-4fa2-817f-2700143c3243',
      967,
      'Sui sollers esse comptus. Enim amiculum mollitia aequus tepesco timor appositus culpa.',
      '2024-09-04T05:13:59.137Z'
    ),
(
      'e5969ad6-9cdb-48d0-ad8d-f65625b32842',
      '72b784f3-7966-4ef9-b275-ba79725942ca',
      '3b95ee4c-ecc9-49a1-9ccc-d44f74d8175f',
      239,
      'Amissio statim correptius acsi. Velit dapifer ad thermae vomer deprecator custodia.',
      '2024-09-04T05:51:43.217Z'
    ),
(
      '4cdc3acd-e5ac-4f68-be18-5fc1a21225ae',
      'c246a6e6-6074-4563-8bbe-02434ba07d31',
      '72d616e7-633a-4d1b-898a-5bcc858a3f49',
      518,
      'Subiungo patior soleo tutis articulus. Tum coniuratio audentia suggero.',
      '2024-09-03T17:20:48.514Z'
    ),
(
      '65ccb849-9797-4a39-93ec-197c8397ae72',
      '0a5721e0-aa5f-41a0-87aa-bc6aef4fe1fc',
      'bf8a2d98-f6bc-403f-8197-9b05f2d28d95',
      836,
      'Vulgivagus cunae vicissitudo vere recusandae coaegresco supra. Clamo sodalitas cras cibus comptus fugiat tum coruscus.',
      '2024-09-04T12:50:49.857Z'
    ),
(
      '45175f51-489e-4c9b-9ca7-e2f2cabeebde',
      'c1c6d3f0-e15c-40cc-bd96-5c1ef763cf6a',
      '7c73328f-0d53-4892-b8c7-80946f2a1b27',
      338,
      'Antepono ullus absum bellicus talus sunt demum decet ara. Cubo degero tum asperiores acer vociferor dolore vox.',
      '2024-09-03T17:39:01.342Z'
    ),
(
      '929b12d6-4990-4d59-8631-756a1bf3ecf2',
      '68043bb4-aff9-4942-8892-78f48902b448',
      '6d181bdb-dd11-4fa2-817f-2700143c3243',
      599,
      'Vespillo sed vulariter adulescens abundans verecundia cauda cauda viriliter conspergo. Aeternus debitis admoveo unde cinis tutis venia.',
      '2024-09-03T19:21:26.538Z'
    ),
(
      '5eea4e0c-c2f2-409f-bf0f-9c4748a0f2ac',
      '30c53000-bf0b-4265-95da-22048931258d',
      '44e8164c-e9e8-4c90-91fc-a9176dfc7ae9',
      974,
      'Architecto copiose degusto dolor tendo patruus statua tametsi. Dedecor vulariter theologus dolore.',
      '2024-09-03T15:22:24.694Z'
    ),
(
      'ccf23eb7-db61-4138-9678-9f4bad574ac7',
      '73e5602d-b4e3-4e40-912d-92344f7a4f9d',
      '6e457038-cd26-4a20-ba22-2e34634c2dad',
      698,
      'Aliqua certe arx virgo caecus sint tergum spectaculum aequitas bis. Cruciamentum desolo victoria stella conicio curis qui subvenio armarium amicitia.',
      '2024-09-03T14:24:32.108Z'
    ),
(
      '7d5c2cc2-5255-4e2e-a43e-d2594152b9c1',
      '1828c46d-a1c8-4c3c-b22c-1be7d57234cb',
      'a5177bbd-3756-4ae3-9ba6-75e6b8d79e7c',
      15,
      'Triduana cernuus deleniti cursus tremo careo. Coadunatio vorax vinculum dignissimos.',
      '2024-09-03T20:27:56.674Z'
    ),
(
      '41c611b5-2d73-4d79-abd1-25b17f14a9ef',
      '98396e5b-15bb-4e4a-9f8b-cc7c4fffd584',
      'f44a7b49-b5da-4d7c-b5ec-01a621373438',
      81,
      'Voluptatem cuius victus ad aestas. Provident addo caterva video amissio.',
      '2024-09-04T03:33:26.498Z'
    ),
(
      'd24f5421-aa0f-4159-bdc4-a22e6193c124',
      '4c3750fa-b734-4a8e-8d32-48aec600a5d8',
      '852fa0df-326b-4336-836a-41cd6d786083',
      145,
      'Cunae commodi tot crur argumentum excepturi. Sordeo quae accusantium urbanus custodia.',
      '2024-09-03T16:26:49.398Z'
    ),
(
      '6308c33f-9507-4c4b-951c-43a81c54d034',
      '145f79a0-a3a8-4f01-9312-5836ba2c115f',
      'd1c20062-dc50-4d1d-b51d-9b7240518f91',
      684,
      'Cubo alius suscipio terminatio succurro spes. Cuppedia ventosus adsum vomer eum iste.',
      '2024-09-04T13:49:05.514Z'
    ),
(
      '9f6c590d-8d9b-44ac-b4a7-7131796130b1',
      '2cc57c55-9182-4cc8-84aa-498922556424',
      '8780b613-5bf5-4350-b12f-75efedb6524b',
      962,
      'Amplexus vere somnus tonsor tolero circumvenio earum. Tendo aeger verumtamen arto centum valens tripudio autus.',
      '2024-09-04T07:09:47.402Z'
    ),
(
      '881f5903-792f-4b46-872c-1e7a24189d41',
      'f2d7d630-5deb-43fb-83fe-b707046dc3c7',
      'c67c39fb-7fb5-408f-ad4f-3cc10df429f8',
      645,
      'Ratione adinventitias antea pel suasoria audentia tamquam surculus ultra. Ipsam vereor vero.',
      '2024-09-04T01:43:23.586Z'
    ),
(
      '4e3ea267-2188-4a6b-83b6-c506217ddc1b',
      '2224f7a8-aebf-4795-9e4f-ac4abd15d88d',
      '8a0e5683-a562-4a55-8614-8a2355ddefee',
      44,
      'Varietas adicio teneo. Vicinus aperiam iure facilis.',
      '2024-09-03T22:51:57.434Z'
    ),
(
      'b9059d84-5607-4279-b4e8-db5bc600b2b5',
      '1128a336-f7d4-4b3a-b7c2-42982e40c349',
      'c56db1c2-da2a-4626-b080-a34b8ec86b5a',
      402,
      'Praesentium textus celer tenetur comis copia aestivus desolo curto cuppedia. Iure verbera reprehenderit argumentum dicta decor tergiversatio.',
      '2024-09-03T17:01:24.927Z'
    ),
(
      'dc657598-c901-407f-8899-b59adf25c8bb',
      '79ac7229-1657-40c0-ae8c-2472d815e1f1',
      '999f50a2-e8c0-4898-8610-fb02011dc130',
      467,
      'Allatus cognatus valetudo aduro argentum tristis theologus rem. Accusator vae cuius versus abduco cohors.',
      '2024-09-03T19:33:22.544Z'
    ),
(
      '3c8c480b-e55f-476f-8bb3-19ba9834c1a9',
      '96115662-e1e0-464c-8021-c17fe89189c5',
      '89924eb8-584c-4bd2-8a5f-4f2249a88c10',
      694,
      'Conforto minus barba cogo tollo. Argumentum cognomen vestrum adipisci ager aspicio aequitas adipisci conatus ipsum.',
      '2024-09-04T07:36:55.843Z'
    ),
(
      'bb934db4-c6d7-47ba-acde-400c8dae5bbb',
      '79a33a18-dc3b-4677-8528-8764ce92cfe1',
      'c2626408-2638-4869-ab14-1f2055e3f218',
      640,
      'Sed cubo tergeo asperiores decretum stips corrupti ipsam sui. Attollo templum vigilo.',
      '2024-09-04T00:24:06.068Z'
    ),
(
      'cfe0559d-78ab-460c-9594-912a99856d79',
      '9e457d61-1261-438a-ab3f-9d1052537163',
      'cb4dc284-fb24-4b32-9469-53a0834d0bc7',
      405,
      'Veritas deprimo sufficio admoveo universe capillus. Universe terreo acidus demens.',
      '2024-09-03T18:21:40.327Z'
    ),
(
      '7e2094fb-57cf-4a4e-a3c4-4390a1d24bf0',
      'c56db1c2-da2a-4626-b080-a34b8ec86b5a',
      'cb4dc284-fb24-4b32-9469-53a0834d0bc7',
      242,
      'Corroboro cumque urbs peior corrupti recusandae tepesco adfectus. Centum attero adeptio.',
      '2024-09-03T17:16:43.799Z'
    ),
(
      '1cd99fb0-47fc-41b8-8201-567036dd4fb2',
      '81b1404a-195a-4c43-948d-5a320c68a9e1',
      '3c92149b-7a9f-4616-b8ef-9f0931f5fe2d',
      541,
      'Vesper nemo reiciendis theatrum thymbra damnatio thesaurus. Volva bibo aliqua depono victoria bis vis.',
      '2024-09-04T03:24:07.415Z'
    ),
(
      '5b1ba163-5fa6-42c8-8369-a2cd97b4b644',
      '5128a175-cd53-4a99-929b-1c2821fbbc7d',
      'c7f40ed6-530d-4ff9-abcd-3a9c187cc788',
      671,
      'Consuasor decipio desipio calco. Talio assumenda vomica sumo libero tabella cenaculum.',
      '2024-09-04T01:53:45.169Z'
    ),
(
      '4eca16c2-795d-4182-aaad-900211e5da94',
      '80d0ebc4-0d6f-4c5b-8da5-f49f19794623',
      '6d181bdb-dd11-4fa2-817f-2700143c3243',
      467,
      'Creber caterva utor confugo callide exercitationem. Territo ultio amet avaritia tego acquiro abeo cubicularis admiratio.',
      '2024-09-04T07:47:46.632Z'
    ),
(
      '42acd1ab-ee5f-4be9-b9f3-4715f2a49fb9',
      '7659ff64-fcaf-4c76-9637-ce5e56e0f218',
      '4a5c6dd6-eef6-472f-99ef-515249a04f42',
      669,
      'Ab atqui adiuvo adduco trepide tibi. Victoria curvo abstergo ver adulatio tripudio.',
      '2024-09-04T02:44:13.048Z'
    ),
(
      '0346b8ee-66d7-4471-b8b9-e526a14bcb5c',
      'e9814a26-e56e-4b67-97a7-5130285a7656',
      '145f79a0-a3a8-4f01-9312-5836ba2c115f',
      642,
      'Temporibus caelestis pax. Crapula creta despecto sub testimonium auxilium pectus cribro cibus.',
      '2024-09-04T06:38:37.387Z'
    ),
(
      '09da6fca-c0ef-4112-a1ae-01af5bcf29d7',
      'c2626408-2638-4869-ab14-1f2055e3f218',
      '852fa0df-326b-4336-836a-41cd6d786083',
      192,
      'Sapiente cui suffragium desino defaeco arx astrum sponte. Speciosus vindico amplitudo utroque vitium.',
      '2024-09-04T10:42:18.358Z'
    ),
(
      '25973d09-3775-460f-91ea-b36c7a89e655',
      'dd05e429-e1a5-4fbe-92b7-0ddf83d5726a',
      'c67c39fb-7fb5-408f-ad4f-3cc10df429f8',
      584,
      'Sto sum dolores degero. Demoror appono demoror crur bos.',
      '2024-09-03T20:21:29.050Z'
    ),
(
      'cbaac510-660d-4f8b-875f-7527f1116326',
      '852fa0df-326b-4336-836a-41cd6d786083',
      '5cab31ec-8f5c-47e0-be62-6e875049756a',
      610,
      'Clam aestivus victoria conitor ter cognomen ascit copia coma. Certe vociferor repudiandae deludo velut ipsam varietas vomer vergo.',
      '2024-09-04T00:28:12.634Z'
    ),
(
      'ed0beae3-6d7b-472d-9946-b58cbfbd34cf',
      '72df709c-a9f4-4eee-8384-1330c56787ad',
      '72d616e7-633a-4d1b-898a-5bcc858a3f49',
      760,
      'Balbus dens complectus. Aspicio amicitia statua venio accedo super corpus suscipio amita.',
      '2024-09-04T00:58:48.986Z'
    ),
(
      '69edee33-78ca-4c59-8361-9707a1b42dab',
      '0b625744-b899-46fb-9b8d-44c9b343b007',
      '6d181bdb-dd11-4fa2-817f-2700143c3243',
      203,
      'Circumvenio ullus caries caput aranea. Crudelis concido sollicito tactus velit volup numquam quos.',
      '2024-09-03T19:10:40.554Z'
    ),
(
      '980ced6e-0c3f-4a6f-bf77-ff80bb36968b',
      'a5177bbd-3756-4ae3-9ba6-75e6b8d79e7c',
      '9d6e165c-1d37-4b53-b0c2-a6f68e9f416d',
      76,
      'Cubo cibus copiose peior aeger summa templum amiculum adsidue. Quis tubineus callide deficio sopor suasoria ciminatio aggredior.',
      '2024-09-03T17:15:19.725Z'
    ),
(
      'b15128eb-046f-49c4-a8f7-7d25929ef425',
      'dd05e429-e1a5-4fbe-92b7-0ddf83d5726a',
      '81b1404a-195a-4c43-948d-5a320c68a9e1',
      76,
      'Aqua iusto absque dens viduo. Tum trado aperio sunt tardus accusantium decet autem.',
      '2024-09-03T22:59:23.603Z'
    ),
(
      '96713eba-4f82-454d-aa9e-b8c1deb933f1',
      '1d07c7bd-4c33-442c-9845-f045f11306d6',
      '7645eff6-ec8c-4b9d-a24f-4fdf9f31a0b2',
      85,
      'Talis demens templum debitis vitium suus nemo arguo suspendo curtus. Tertius spes turbo suadeo bene voluptatum summopere victoria alii thorax.',
      '2024-09-03T17:28:50.745Z'
    ),
(
      '37eeeb69-c057-4517-ae57-9a7e127f6ee2',
      '7c6fc83c-6bc4-415c-a43c-b10ea1733820',
      'c2626408-2638-4869-ab14-1f2055e3f218',
      831,
      'Voro comminor deprimo deduco pariatur laborum accommodo. Fuga canis ait totam dicta ascisco tenuis ait copiose tollo.',
      '2024-09-03T14:29:13.551Z'
    ),
(
      '046e8c82-0189-4c69-bdf3-38856dcc53fd',
      '2cc57c55-9182-4cc8-84aa-498922556424',
      'd1c20062-dc50-4d1d-b51d-9b7240518f91',
      457,
      'Vitium blanditiis trado damno abduco ullus suffoco. Ipsam decet alias.',
      '2024-09-03T19:45:55.780Z'
    ),
(
      'c244e39a-c7f2-4f7f-a975-2e82a1f16090',
      '4c3750fa-b734-4a8e-8d32-48aec600a5d8',
      '7057b768-2399-416b-9851-7fe19c6d51a0',
      781,
      'Repellendus colo libero desparatus. Vorago bibo depulso tracto.',
      '2024-09-03T23:59:58.569Z'
    ),
(
      'f31ceb6f-0226-4606-87d6-1650a95613cf',
      '72d616e7-633a-4d1b-898a-5bcc858a3f49',
      'c2626408-2638-4869-ab14-1f2055e3f218',
      363,
      'Vero ustulo agnosco uterque. Audacia thermae asporto verus aliquid asperiores.',
      '2024-09-04T09:51:03.805Z'
    ),
(
      '74d0b325-dbfd-483d-81c9-6ef9f85d6750',
      '5aedf930-2cf6-4cf6-83a7-ce5aba6429df',
      'bd40f790-5d52-4d81-9e4a-241eacc54e99',
      380,
      'Vomer solium basium. Bos tactus alias xiphias eveniet.',
      '2024-09-04T03:37:53.742Z'
    ),
(
      '7b9d1b70-6301-41be-a2fe-aaff86ba02e7',
      '4a5c6dd6-eef6-472f-99ef-515249a04f42',
      '883ccc85-e89b-4e87-a430-dd083b1abec2',
      700,
      'Cohors cruentus capto pectus accusamus absconditus. Dapifer antea tempora placeat illum.',
      '2024-09-04T02:35:09.779Z'
    ),
(
      '59af71ce-8e6d-4056-b579-07231597c878',
      '7659ff64-fcaf-4c76-9637-ce5e56e0f218',
      '89924eb8-584c-4bd2-8a5f-4f2249a88c10',
      981,
      'Harum demergo totidem aperio. Synagoga stultus illum celer nulla demonstro.',
      '2024-09-04T07:13:26.269Z'
    ),
(
      'f7856d0d-8478-42fb-99c9-e8fe30887e1f',
      '1828c46d-a1c8-4c3c-b22c-1be7d57234cb',
      'ec09a657-dd30-4767-90de-bd3df81a612d',
      645,
      'Statua sed thesis benigne neque adipiscor compello cruentus patior. Thesis tunc accedo adversus tribuo.',
      '2024-09-04T11:54:04.281Z'
    ),
(
      '10e00555-15d5-4899-8260-f4c2582d0d58',
      '3c92149b-7a9f-4616-b8ef-9f0931f5fe2d',
      'c56db1c2-da2a-4626-b080-a34b8ec86b5a',
      790,
      'Amplitudo victoria maiores stabilis. Veritatis vir stabilis magnam.',
      '2024-09-03T15:27:31.179Z'
    ),
(
      '2d06e8fc-0102-40d3-91d3-075dea801f52',
      '022d70d9-8cb6-463f-8973-d073edf14869',
      'e3725b81-c06b-4b95-b1d3-e681da2f0792',
      106,
      'Vomer adaugeo velit comedo. Illo votum crapula claudeo sum excepturi animus vestigium peccatus tam.',
      '2024-09-03T22:38:36.579Z'
    ),
(
      '7ffddd3b-b398-4339-aa46-bbe49cfbbad7',
      '72d616e7-633a-4d1b-898a-5bcc858a3f49',
      'c2626408-2638-4869-ab14-1f2055e3f218',
      740,
      'Aranea degusto tollo adeo utrimque vitium capillus deduco thorax delego. Veritatis tener agnosco clamo.',
      '2024-09-04T00:51:55.640Z'
    ),
(
      '825c2232-13de-4dfb-a9e7-6e9246911361',
      '80d0ebc4-0d6f-4c5b-8da5-f49f19794623',
      '4c3750fa-b734-4a8e-8d32-48aec600a5d8',
      834,
      'Stabilis tibi talis nemo bardus collum. Suscipit defendo in calamitas carmen tabesco.',
      '2024-09-03T15:27:58.607Z'
    ),
(
      '296ab1a2-fce3-41b9-afaa-58c25dd4f1ad',
      '1828c46d-a1c8-4c3c-b22c-1be7d57234cb',
      '8a0e5683-a562-4a55-8614-8a2355ddefee',
      492,
      'Dignissimos abbas ubi solvo dicta vergo suscipit debitis cinis. Nulla texo praesentium commemoro coaegresco cibo possimus.',
      '2024-09-03T16:07:03.429Z'
    ),
(
      '3ff5af79-fd9f-4f55-a454-50d14e519784',
      'd1c20062-dc50-4d1d-b51d-9b7240518f91',
      '4adffc0f-12cf-4fc4-ad17-f839e74528c8',
      272,
      'Non asporto arbor vilicus cedo. Sonitus ratione caecus depromo desparatus vinculum corporis ademptio synagoga illo.',
      '2024-09-04T06:46:18.968Z'
    ),
(
      'f4c22ff5-99aa-46b1-a6ca-88acec4cd7ea',
      '1d07c7bd-4c33-442c-9845-f045f11306d6',
      '852fa0df-326b-4336-836a-41cd6d786083',
      577,
      'Circumvenio turbo auctor exercitationem verecundia. Alioqui repudiandae adaugeo tunc tergum abstergo civitas.',
      '2024-09-04T00:11:04.758Z'
    ),
(
      '791c5764-08dd-4787-a47c-07333beddcd0',
      'b09396a4-cce1-4baa-be3e-004c6ebba8c9',
      '2cc57c55-9182-4cc8-84aa-498922556424',
      688,
      'Iste communis terror utrimque at sonitus aedificium animus. Tyrannus casus undique versus turba spectaculum.',
      '2024-09-03T20:02:39.488Z'
    ),
(
      '762f1b04-a4a2-4c71-9a42-944e94d4c3dc',
      '6d181bdb-dd11-4fa2-817f-2700143c3243',
      'c1c6d3f0-e15c-40cc-bd96-5c1ef763cf6a',
      26,
      'Attonbitus degero minus defaeco cuius consequuntur curis. Consectetur adulatio quidem termes paulatim solum.',
      '2024-09-04T02:40:45.592Z'
    ),
(
      'cb77eb1a-e885-446c-9a97-2179d9651092',
      'e9814a26-e56e-4b67-97a7-5130285a7656',
      'c2626408-2638-4869-ab14-1f2055e3f218',
      626,
      'Bene utique surgo comparo amitto absconditus tolero sit mollitia culpo. Tyrannus voro aqua dolor conservo temperantia suppellex.',
      '2024-09-03T16:31:41.702Z'
    ),
(
      '83edce86-eab1-4cc3-80f7-4990340bd836',
      'a5177bbd-3756-4ae3-9ba6-75e6b8d79e7c',
      '0b625744-b899-46fb-9b8d-44c9b343b007',
      309,
      'Valetudo aeneus maiores asper defleo illum abbas abbas. Tunc defaeco sursum suasoria talus statua crapula adnuo cohibeo torqueo.',
      '2024-09-04T08:41:16.730Z'
    ),
(
      '21640dc6-bcaf-4ae5-951a-6b10aa4dba87',
      '80402c8d-ede3-48c3-888e-f9ca9cf1ee57',
      'cb4dc284-fb24-4b32-9469-53a0834d0bc7',
      33,
      'Ventosus vinco clam. Conservo ex velociter caritas sperno consequuntur dolores sollicito surculus pecus.',
      '2024-09-03T15:37:50.324Z'
    ),
(
      '666accb6-8e56-44ab-b41a-e2454d0ccb5c',
      '80402c8d-ede3-48c3-888e-f9ca9cf1ee57',
      '852fa0df-326b-4336-836a-41cd6d786083',
      78,
      'Mollitia coepi solitudo deduco tempus curso tantillus pecus argumentum desparatus. Adiuvo cedo tametsi crapula calcar pauci ullam sto virtus ventito.',
      '2024-09-04T09:07:03.899Z'
    ),
(
      '901abae6-70ed-4d5f-8405-e890f8877853',
      '7c73328f-0d53-4892-b8c7-80946f2a1b27',
      '4b797181-6946-4dab-97ec-4e5891858f6d',
      653,
      'Verumtamen tam creptio acervus bos sto clam sub sollers. Deputo conventus cui correptius catena arbor.',
      '2024-09-04T06:45:48.726Z'
    ),
(
      '937c2d5e-9b91-4985-9a78-2630e6a02f58',
      '2e7273a1-21c4-447b-b86c-11bffc7c90fa',
      'bf8a2d98-f6bc-403f-8197-9b05f2d28d95',
      702,
      'Vapulus incidunt atque tamdiu corrigo tergo super laudantium socius viridis. Barba careo celo aliquam territo thalassinus campana.',
      '2024-09-04T08:04:32.302Z'
    ),
(
      'b8811466-2ee5-40ec-8986-9b5f7a9b5bf9',
      '7645eff6-ec8c-4b9d-a24f-4fdf9f31a0b2',
      '6e457038-cd26-4a20-ba22-2e34634c2dad',
      899,
      'Turba atavus caterva deduco. Tergum absum dedico consuasor nisi vesco vir tertius.',
      '2024-09-04T02:15:20.170Z'
    ),
(
      '6454dd2d-c40e-454a-bc98-65b78ca65c00',
      'f2d7d630-5deb-43fb-83fe-b707046dc3c7',
      '72df709c-a9f4-4eee-8384-1330c56787ad',
      784,
      'Arbitro nostrum velut socius repellat modi utrimque utique arbustum ulciscor. Vir cornu cunabula ancilla accusamus aliquam.',
      '2024-09-03T21:08:30.743Z'
    ),
(
      'd3308e69-50fb-4c5d-ba8e-8e55f2cde446',
      '60167655-02a6-4560-8a02-04a160ff1c79',
      'c2626408-2638-4869-ab14-1f2055e3f218',
      530,
      'Certus stabilis admitto corporis hic vulnero dolore. Adflicto voluptas tero admoveo tum libero.',
      '2024-09-03T20:10:53.339Z'
    ),
(
      '2866e0e4-e7ff-4a06-a763-ea9cde5fdbf3',
      '2e7273a1-21c4-447b-b86c-11bffc7c90fa',
      'f193abdc-3c11-4865-8a49-b2b89ee395ea',
      146,
      'Tondeo vicissitudo deinde conturbo deficio terror. Aegre esse temporibus cubitum vado triduana bos cedo curto succurro.',
      '2024-09-04T12:32:47.636Z'
    ),
(
      '2c7276f9-b39f-487a-9d51-db9971161dea',
      'c71efd12-3bc4-469e-99ae-95133b966a93',
      '29ebd667-7c46-48a9-9a17-13c07e4b7d09',
      720,
      'Quidem totam agnitio colo. Spoliatio amet urbanus ipsam.',
      '2024-09-03T23:28:55.428Z'
    ),
(
      '10d81566-5061-4b9d-85c0-07e1f17ab6ba',
      'dd05e429-e1a5-4fbe-92b7-0ddf83d5726a',
      '5cab31ec-8f5c-47e0-be62-6e875049756a',
      763,
      'Volaticus cubo ara. Dedico voluptatibus tabernus agnosco cultura tardus annus vulgivagus ipsam.',
      '2024-09-04T04:13:02.660Z'
    ),
(
      '2c4f99ec-98ab-4be6-85b2-36b2423e576f',
      '60ab6c5b-6319-427c-b5a4-2c3755f7b75c',
      'ec09a657-dd30-4767-90de-bd3df81a612d',
      183,
      'Communis comparo terra cubicularis dicta cultura subito soleo tredecim aspicio. Quaerat timidus aduro caste suspendo.',
      '2024-09-03T22:09:45.184Z'
    ),
(
      '330f4c9c-43d7-4e99-8efe-442f7eb5c266',
      '89924eb8-584c-4bd2-8a5f-4f2249a88c10',
      '8780b613-5bf5-4350-b12f-75efedb6524b',
      747,
      'Crapula valetudo illo delectus quam antea abstergo explicabo dolor thymbra. Degusto circumvenio ultra.',
      '2024-09-03T19:18:12.046Z'
    ),
(
      'afcb70fc-8d74-4eca-8def-8c0b4a919239',
      'd1c20062-dc50-4d1d-b51d-9b7240518f91',
      'c62d660b-4066-46c7-b683-d699ebf39b21',
      814,
      'Arx balbus arceo calcar ante. Comptus temeritas ventito cognatus adipiscor cognatus patria defendo praesentium crustulum.',
      '2024-09-04T10:16:29.991Z'
    ),
(
      '3a3aced7-c435-4dec-822e-23f033305909',
      '0b625744-b899-46fb-9b8d-44c9b343b007',
      'd78b404b-177e-44ad-bb9a-7d555303a6b0',
      687,
      'Vicinus virga vis tibi speciosus territo vox nostrum corrupti. Perspiciatis incidunt tollo decerno traho tamen ambitus.',
      '2024-09-03T15:36:30.090Z'
    ),
(
      '961ae75d-d7c2-40d8-9a27-c1e0a35ff33f',
      '60167655-02a6-4560-8a02-04a160ff1c79',
      '73e5602d-b4e3-4e40-912d-92344f7a4f9d',
      303,
      'Attero curo viduo adstringo audacia utique amiculum. Accusator admoneo acsi trucido valetudo curatio cubicularis temeritas sodalitas crustulum.',
      '2024-09-04T08:37:20.327Z'
    ),
(
      'b03df8ef-8294-4c3b-9840-33a8ed3e7857',
      '79a33a18-dc3b-4677-8528-8764ce92cfe1',
      '96115662-e1e0-464c-8021-c17fe89189c5',
      547,
      'Succurro verbum perferendis. Ocer absque tamdiu audax consuasor.',
      '2024-09-03T19:03:47.484Z'
    ),
(
      '8a7ea24f-b5dc-45c9-81f5-ea20acc71fb4',
      '79ac7229-1657-40c0-ae8c-2472d815e1f1',
      '26de1fca-6dba-42f7-8c46-c4e1e0024695',
      321,
      'Thesaurus amitto animi porro color spiritus architecto. Defaeco comminor maxime consuasor commodi pectus deficio via utilis aut.',
      '2024-09-03T15:50:45.231Z'
    ),
(
      '6eeed561-1fc4-4020-9003-88e3b8b7eb41',
      '30c53000-bf0b-4265-95da-22048931258d',
      '81b1404a-195a-4c43-948d-5a320c68a9e1',
      213,
      'Ipsa decretum cura vita curis ut. Sumo amor verus talus certe aranea corporis utique tantillus sperno.',
      '2024-09-03T16:41:02.851Z'
    ),
(
      '9b6d1b36-ab73-4c63-801c-2ec702bd414a',
      'd78b404b-177e-44ad-bb9a-7d555303a6b0',
      '02a8b8e4-6f8c-49fe-b1dc-3ae59f9e6fec',
      208,
      'Temperantia tamen caterva. Possimus callide voluptate.',
      '2024-09-03T16:18:32.374Z'
    ),
(
      '6bb79fb1-5caf-487d-9a65-33ff5c39eabf',
      '8cb9a8d2-0e1e-4261-956c-57fa45abe0fe',
      '3c92149b-7a9f-4616-b8ef-9f0931f5fe2d',
      29,
      'Sufficio quia baiulus quae terga carbo cuius blandior antea. Quaerat depopulo deserunt laboriosam velut aestus assentator cogo.',
      '2024-09-03T19:32:19.133Z'
    ),
(
      'd74f3522-acdb-4a4e-824e-39611daae6fe',
      '72df709c-a9f4-4eee-8384-1330c56787ad',
      '1828c46d-a1c8-4c3c-b22c-1be7d57234cb',
      715,
      'Ultra adipiscor deputo advenio aperio vitiosus alioqui libero ut. Similique certus approbo usus cauda vorago vitae auctor catena bellicus.',
      '2024-09-04T05:43:08.996Z'
    ),
(
      'aa88376e-5833-40ce-9eee-025617b7f24a',
      '2224f7a8-aebf-4795-9e4f-ac4abd15d88d',
      '80402c8d-ede3-48c3-888e-f9ca9cf1ee57',
      130,
      'Commodo cerno accusantium toties doloremque deludo bonus laboriosam tepidus. Decumbo pecto caterva calculus beatus.',
      '2024-09-04T07:58:39.382Z'
    ),
(
      '65313b9f-d5c6-41f0-8df9-34dbedda0bce',
      '4adffc0f-12cf-4fc4-ad17-f839e74528c8',
      'e8738a0c-13b2-427f-811f-b3e96c4ed147',
      900,
      'Valetudo acsi sonitus supellex bellicus. Carpo suffoco synagoga velut ustilo tero velum.',
      '2024-09-04T03:05:24.996Z'
    ),
(
      'cb3cf6d0-4460-4061-b46d-eec6ee7d2f68',
      'c62d660b-4066-46c7-b683-d699ebf39b21',
      '4c3750fa-b734-4a8e-8d32-48aec600a5d8',
      137,
      'Soluta cinis corporis sequi perspiciatis. Cohibeo speciosus magnam tandem sub summa defluo.',
      '2024-09-04T11:15:24.635Z'
    ),
(
      'e8ac1e39-59d8-4749-b99e-e68f0d0f311f',
      'c748c9ed-17d3-4337-91dc-fefbddabf1ee',
      '4b797181-6946-4dab-97ec-4e5891858f6d',
      481,
      'Teres damno utrimque. Caritas campana degero eum defetiscor aptus.',
      '2024-09-03T14:42:30.345Z'
    ),
(
      'd4700122-1048-4d22-8000-8a7acab9bdf1',
      '7c6fc83c-6bc4-415c-a43c-b10ea1733820',
      '04ac1a14-7d8e-451a-935d-e2adbecdf463',
      675,
      'Torqueo ara callide thesaurus vulticulus caput colo culpa apparatus pel. Triduana aestas quas.',
      '2024-09-03T14:26:57.502Z'
    ),
(
      '0b5dda43-e2ee-4663-9717-1576d8418c6a',
      'e122a9bf-a9c0-437e-8769-c5720edf51e3',
      'd0176979-25c7-47a9-9716-9a6b8a7fc433',
      761,
      'Blandior optio cervus verecundia. Tutis succurro maxime.',
      '2024-09-04T03:41:55.590Z'
    ),
(
      '5231f8a0-f427-4e06-b6b8-a85c1982cdcc',
      '999f50a2-e8c0-4898-8610-fb02011dc130',
      'c71efd12-3bc4-469e-99ae-95133b966a93',
      234,
      'Patruus vulgaris adulescens tripudio arceo. Demulceo certe aer apostolus iste bene conduco cunabula.',
      '2024-09-04T12:18:47.376Z'
    ),
(
      '4c7d35dd-1541-4435-a927-32b42bfdaa5a',
      '72df709c-a9f4-4eee-8384-1330c56787ad',
      'e122a9bf-a9c0-437e-8769-c5720edf51e3',
      298,
      'Arto demoror combibo assumenda supplanto sed vomica tui veniam. Summopere cresco titulus clamo bardus acceptus absens color.',
      '2024-09-03T21:39:39.366Z'
    ),
(
      'fb4fe03c-e013-42da-b7cc-3315028c408f',
      'f2d7d630-5deb-43fb-83fe-b707046dc3c7',
      '4a5c6dd6-eef6-472f-99ef-515249a04f42',
      838,
      'Argentum combibo cometes verus accusamus. Decerno demoror subnecto ars temperantia.',
      '2024-09-04T09:45:11.333Z'
    ),
(
      '77050aff-9320-4038-9e67-7aa3cf16bf70',
      'd0176979-25c7-47a9-9716-9a6b8a7fc433',
      'a3004883-2d56-457c-8f01-5a248352f659',
      136,
      'Civitas subvenio somnus degenero contego. Verbum at decet.',
      '2024-09-04T05:27:44.506Z'
    ),
(
      'f9a718df-0ac1-4216-ba83-d29b5676d89d',
      '1d07c7bd-4c33-442c-9845-f045f11306d6',
      '6d181bdb-dd11-4fa2-817f-2700143c3243',
      784,
      'Demitto vorax amo. Ater ipsam curiositas aegre suus comprehendo labore sodalitas vorago.',
      '2024-09-04T00:23:43.955Z'
    ),
(
      'da1ae15f-6123-4c06-8dc0-3139ff549c1b',
      '0b625744-b899-46fb-9b8d-44c9b343b007',
      '5cab31ec-8f5c-47e0-be62-6e875049756a',
      786,
      'Itaque cenaculum adiuvo vitium terra tredecim thema aeternus peior ver. Qui tabernus stipes stipes.',
      '2024-09-03T16:30:33.635Z'
    ),
(
      'db7a5e9e-8e5c-45aa-9bad-2bfd07400ff2',
      '72d616e7-633a-4d1b-898a-5bcc858a3f49',
      '3b95ee4c-ecc9-49a1-9ccc-d44f74d8175f',
      567,
      'Color neque temptatio appono. Aufero ex aequus sumptus statua.',
      '2024-09-04T04:01:16.257Z'
    ),
(
      'd4fc89aa-77c7-4c5a-a5e0-5bc2ee3e0d8f',
      '26de1fca-6dba-42f7-8c46-c4e1e0024695',
      '0a5721e0-aa5f-41a0-87aa-bc6aef4fe1fc',
      190,
      'Conforto avaritia cupio aliqua. Sapiente alo speciosus terreo ustilo spectaculum claudeo provident.',
      '2024-09-04T12:15:02.393Z'
    ),
(
      'dc02904d-2a9a-4ec8-a2c7-56bb1498bb84',
      'e122a9bf-a9c0-437e-8769-c5720edf51e3',
      '4da0be29-7c6b-4c41-bc1e-7e514bf99c0e',
      621,
      'Dedecor admiratio adeptio iusto. Cogito aequitas dicta aperiam.',
      '2024-09-03T23:11:15.904Z'
    ),
(
      '4e5187e1-2d1d-4f3d-9fe7-e00c2e27c1aa',
      'd78b404b-177e-44ad-bb9a-7d555303a6b0',
      '4a5c6dd6-eef6-472f-99ef-515249a04f42',
      491,
      'Atrox sum corrumpo cauda. Ustulo dedecor bonus cresco adulatio timidus fugiat deludo.',
      '2024-09-03T17:11:04.638Z'
    ),
(
      '3f1bde1e-55bb-418a-a2a9-51da2a6855f3',
      'c2626408-2638-4869-ab14-1f2055e3f218',
      'f71b10fc-f201-4741-9ae6-d00c7660fe2b',
      284,
      'Basium est tego autem vado coerceo tergiversatio brevis tricesimus ante. Curvo ceno uredo crur arcus caput.',
      '2024-09-04T10:35:16.658Z'
    ),
(
      'c661c61a-fc00-4738-bfb8-e169e30a2953',
      'f2d7d630-5deb-43fb-83fe-b707046dc3c7',
      '4a5c6dd6-eef6-472f-99ef-515249a04f42',
      197,
      'Atavus vomica vallum suppono quod. Sollicito vereor apto ceno aptus tempora solio.',
      '2024-09-03T17:31:20.326Z'
    ),
(
      'fe1c5fcd-692c-4398-9a38-fc4d16b55226',
      '022d70d9-8cb6-463f-8973-d073edf14869',
      '4adffc0f-12cf-4fc4-ad17-f839e74528c8',
      590,
      'Demens cibus spes talis. Cui demitto tactus decumbo paulatim thymum optio curvo denuo.',
      '2024-09-03T21:27:01.907Z'
    );
  


    INSERT INTO aura_history (id, user_id, aura_change, created_at) VALUES
    (
      '98e7aa4a-7fb6-436c-9887-e338e3054f05',
      '30c53000-bf0b-4265-95da-22048931258d',
      403,
      '2024-09-03T15:08:17.472Z'
    ),
(
      '84f9cee8-a2fb-42e0-9128-da97c7299d94',
      'e8738a0c-13b2-427f-811f-b3e96c4ed147',
      83,
      '2024-09-04T11:08:45.009Z'
    ),
(
      '1d982ff0-6dd3-4a81-b57b-3afdee6f8a8d',
      '883ccc85-e89b-4e87-a430-dd083b1abec2',
      388,
      '2024-09-03T14:41:22.540Z'
    ),
(
      'a41af34a-c2c2-4434-8da0-765d29b2294f',
      'f44a7b49-b5da-4d7c-b5ec-01a621373438',
      264,
      '2024-09-04T06:59:39.735Z'
    ),
(
      '11446e61-9911-4434-83fe-2d9bfc0f99b9',
      'c246a6e6-6074-4563-8bbe-02434ba07d31',
      303,
      '2024-09-03T16:25:07.998Z'
    ),
(
      'e4302fb9-6fa8-4bd3-908e-b778820833b3',
      '29ebd667-7c46-48a9-9a17-13c07e4b7d09',
      18,
      '2024-09-03T18:47:29.038Z'
    ),
(
      '9f5af52b-8268-45e9-9fcd-e12e2d1fcd84',
      'f4658378-634e-4a7c-a661-2709f753c7ce',
      389,
      '2024-09-03T23:29:32.297Z'
    ),
(
      '1bda1041-1b38-42b3-82ab-ad09109ed004',
      '6d181bdb-dd11-4fa2-817f-2700143c3243',
      -26,
      '2024-09-04T05:13:59.137Z'
    ),
(
      '0f7453f2-2c3d-4698-8d13-9ec9b452946a',
      '3b95ee4c-ecc9-49a1-9ccc-d44f74d8175f',
      122,
      '2024-09-04T05:51:43.217Z'
    ),
(
      'ac976306-6235-4a2c-aa3c-e194917f6e25',
      '72d616e7-633a-4d1b-898a-5bcc858a3f49',
      413,
      '2024-09-03T17:20:48.514Z'
    ),
(
      '8c806438-e3fb-42e4-8bd0-3b28d914f828',
      'bf8a2d98-f6bc-403f-8197-9b05f2d28d95',
      54,
      '2024-09-04T12:50:49.857Z'
    ),
(
      '922e454f-5870-4d94-aa16-4074a6a6c5eb',
      '7c73328f-0d53-4892-b8c7-80946f2a1b27',
      39,
      '2024-09-03T17:39:01.342Z'
    ),
(
      '74180be8-5fbf-4414-b8d7-abd908b7e20a',
      '6d181bdb-dd11-4fa2-817f-2700143c3243',
      204,
      '2024-09-03T19:21:26.538Z'
    ),
(
      '39f93ee4-ad4d-4c43-b38c-222d89e1acef',
      '44e8164c-e9e8-4c90-91fc-a9176dfc7ae9',
      402,
      '2024-09-03T15:22:24.694Z'
    ),
(
      'e8105779-b5d8-4e9c-a54e-0d2775ffda16',
      '6e457038-cd26-4a20-ba22-2e34634c2dad',
      -42,
      '2024-09-03T14:24:32.108Z'
    ),
(
      'f3f46e75-3b7e-4ec1-8ba5-fc7a9626c255',
      'a5177bbd-3756-4ae3-9ba6-75e6b8d79e7c',
      247,
      '2024-09-03T20:27:56.674Z'
    ),
(
      'dd345b1d-bffb-418c-a40b-46ba98f6742f',
      'f44a7b49-b5da-4d7c-b5ec-01a621373438',
      201,
      '2024-09-04T03:33:26.498Z'
    ),
(
      'a697c10b-b1b5-4eec-b995-14f3f8dad45d',
      '852fa0df-326b-4336-836a-41cd6d786083',
      86,
      '2024-09-03T16:26:49.398Z'
    ),
(
      '7f6e5d6b-9a3d-4166-8d78-bc7ac824df57',
      'd1c20062-dc50-4d1d-b51d-9b7240518f91',
      387,
      '2024-09-04T13:49:05.514Z'
    ),
(
      'e8225d28-66b2-47a3-8173-d371d5d7eb09',
      '8780b613-5bf5-4350-b12f-75efedb6524b',
      334,
      '2024-09-04T07:09:47.402Z'
    ),
(
      '38dcccf1-d3a4-4909-9acd-a4b0452c962b',
      'c67c39fb-7fb5-408f-ad4f-3cc10df429f8',
      49,
      '2024-09-04T01:43:23.586Z'
    ),
(
      '0f5a05d4-0f3f-429e-a827-acfa6bce89c2',
      '8a0e5683-a562-4a55-8614-8a2355ddefee',
      10,
      '2024-09-03T22:51:57.434Z'
    ),
(
      '1711190c-648b-4ee3-be43-c6a6c26ecce2',
      'c56db1c2-da2a-4626-b080-a34b8ec86b5a',
      376,
      '2024-09-03T17:01:24.927Z'
    ),
(
      'dea2fdec-511f-4e9d-b8cd-5c7134f867ad',
      '999f50a2-e8c0-4898-8610-fb02011dc130',
      417,
      '2024-09-03T19:33:22.544Z'
    ),
(
      '45ce81b0-ac16-447b-bd65-30493079b268',
      '89924eb8-584c-4bd2-8a5f-4f2249a88c10',
      -59,
      '2024-09-04T07:36:55.843Z'
    ),
(
      '769774bc-04b3-41c9-a48c-87e1ff077a57',
      'c2626408-2638-4869-ab14-1f2055e3f218',
      75,
      '2024-09-04T00:24:06.068Z'
    ),
(
      '0d8fa52f-c49e-4362-a48c-e14839921f3a',
      'cb4dc284-fb24-4b32-9469-53a0834d0bc7',
      125,
      '2024-09-03T18:21:40.327Z'
    ),
(
      '6adb4da7-7412-4203-9b01-9612872e7a1b',
      'cb4dc284-fb24-4b32-9469-53a0834d0bc7',
      -16,
      '2024-09-03T17:16:43.799Z'
    ),
(
      'e452ea5a-66ac-4893-bd88-1a9d738fc2c0',
      '3c92149b-7a9f-4616-b8ef-9f0931f5fe2d',
      -74,
      '2024-09-04T03:24:07.415Z'
    ),
(
      '818dc91d-e9ea-4e12-97c6-80976a4dc967',
      'c7f40ed6-530d-4ff9-abcd-3a9c187cc788',
      447,
      '2024-09-04T01:53:45.169Z'
    ),
(
      '80915270-c1ba-45f1-9532-c2cb11bb8a76',
      '6d181bdb-dd11-4fa2-817f-2700143c3243',
      366,
      '2024-09-04T07:47:46.632Z'
    ),
(
      '65d4bc79-5cd6-4369-85d8-73fa6569443d',
      '4a5c6dd6-eef6-472f-99ef-515249a04f42',
      309,
      '2024-09-04T02:44:13.048Z'
    ),
(
      '8eb1fa08-7d5f-40a5-9719-2ea68ec8e808',
      '145f79a0-a3a8-4f01-9312-5836ba2c115f',
      -80,
      '2024-09-04T06:38:37.387Z'
    ),
(
      'a73fe606-435c-46f3-9cf3-eb5320d267c3',
      '852fa0df-326b-4336-836a-41cd6d786083',
      58,
      '2024-09-04T10:42:18.358Z'
    ),
(
      'a11eea61-8d7e-46b1-bb63-546b1cf990e1',
      'c67c39fb-7fb5-408f-ad4f-3cc10df429f8',
      -82,
      '2024-09-03T20:21:29.050Z'
    ),
(
      'b1e7f920-ff4f-4164-b902-6f028fbf7768',
      '5cab31ec-8f5c-47e0-be62-6e875049756a',
      239,
      '2024-09-04T00:28:12.634Z'
    ),
(
      '07531932-0ff2-4aeb-a4aa-b5c4ea67f768',
      '72d616e7-633a-4d1b-898a-5bcc858a3f49',
      5,
      '2024-09-04T00:58:48.986Z'
    ),
(
      'ee21555b-84b9-4cb0-84b0-ac40d4d47b5f',
      '6d181bdb-dd11-4fa2-817f-2700143c3243',
      130,
      '2024-09-03T19:10:40.554Z'
    ),
(
      'dedb3af1-2f05-4b50-930e-cfd533c2eaa4',
      '9d6e165c-1d37-4b53-b0c2-a6f68e9f416d',
      19,
      '2024-09-03T17:15:19.725Z'
    ),
(
      'e64de5fb-d392-47b0-ad53-57b8bafad037',
      '81b1404a-195a-4c43-948d-5a320c68a9e1',
      493,
      '2024-09-03T22:59:23.603Z'
    ),
(
      '09e94581-361c-4b42-be90-89532ff7487b',
      '7645eff6-ec8c-4b9d-a24f-4fdf9f31a0b2',
      236,
      '2024-09-03T17:28:50.745Z'
    ),
(
      '715c2e33-1eea-482a-84e5-df5e77a4fd14',
      'c2626408-2638-4869-ab14-1f2055e3f218',
      39,
      '2024-09-03T14:29:13.551Z'
    ),
(
      'f14d794a-de83-412f-a06a-7b49c768bc3a',
      'd1c20062-dc50-4d1d-b51d-9b7240518f91',
      364,
      '2024-09-03T19:45:55.780Z'
    ),
(
      'ab468e20-66b7-4f26-8e3d-2108ecc1f485',
      '7057b768-2399-416b-9851-7fe19c6d51a0',
      6,
      '2024-09-03T23:59:58.569Z'
    ),
(
      '848ddc75-ba00-4650-8cf1-3e6e73cb3ddd',
      'c2626408-2638-4869-ab14-1f2055e3f218',
      111,
      '2024-09-04T09:51:03.805Z'
    ),
(
      '9da62229-9a29-4c5d-8783-af4f399f3a86',
      'bd40f790-5d52-4d81-9e4a-241eacc54e99',
      398,
      '2024-09-04T03:37:53.742Z'
    ),
(
      '3f48a000-e29f-40d2-a0c0-45ddee0ae395',
      '883ccc85-e89b-4e87-a430-dd083b1abec2',
      462,
      '2024-09-04T02:35:09.779Z'
    ),
(
      '5f8b9fc5-37b7-4152-8ecc-8a8139785dff',
      '89924eb8-584c-4bd2-8a5f-4f2249a88c10',
      47,
      '2024-09-04T07:13:26.269Z'
    ),
(
      '8e3c8877-f472-44e1-99d9-3adb470d7def',
      'ec09a657-dd30-4767-90de-bd3df81a612d',
      -43,
      '2024-09-04T11:54:04.281Z'
    ),
(
      'a270d5cb-a968-414a-9a11-7f9a4e09bd57',
      'c56db1c2-da2a-4626-b080-a34b8ec86b5a',
      376,
      '2024-09-03T15:27:31.179Z'
    ),
(
      '6c4962e0-89f8-4447-97f2-4edcc9e7a9fd',
      'e3725b81-c06b-4b95-b1d3-e681da2f0792',
      317,
      '2024-09-03T22:38:36.579Z'
    ),
(
      '1cffdc73-2db0-4d6d-bab6-99a58fb4cfd7',
      'c2626408-2638-4869-ab14-1f2055e3f218',
      60,
      '2024-09-04T00:51:55.640Z'
    ),
(
      'c6f127f6-4818-4f39-9420-7799b7fcf0c0',
      '4c3750fa-b734-4a8e-8d32-48aec600a5d8',
      481,
      '2024-09-03T15:27:58.607Z'
    ),
(
      '85629e5f-9749-4587-9c49-d5913bd9b50f',
      '8a0e5683-a562-4a55-8614-8a2355ddefee',
      85,
      '2024-09-03T16:07:03.429Z'
    ),
(
      'baa1f980-c1a5-42a3-9ef5-baf181b06c8e',
      '4adffc0f-12cf-4fc4-ad17-f839e74528c8',
      -34,
      '2024-09-04T06:46:18.968Z'
    ),
(
      '8d51e763-0c97-48c9-a2c9-a8bbe84077c3',
      '852fa0df-326b-4336-836a-41cd6d786083',
      295,
      '2024-09-04T00:11:04.758Z'
    ),
(
      'fca82904-e40d-4085-8ec0-859f5b7bb67e',
      '2cc57c55-9182-4cc8-84aa-498922556424',
      279,
      '2024-09-03T20:02:39.488Z'
    ),
(
      '3ac4e9e2-ff71-4bf1-bdd3-74c83fceb996',
      'c1c6d3f0-e15c-40cc-bd96-5c1ef763cf6a',
      74,
      '2024-09-04T02:40:45.592Z'
    ),
(
      'bca4363a-0e15-4d5b-ab21-289bbd64ded1',
      'c2626408-2638-4869-ab14-1f2055e3f218',
      301,
      '2024-09-03T16:31:41.702Z'
    ),
(
      '8bd493d2-697d-4fc9-9944-fdd6e49b305d',
      '0b625744-b899-46fb-9b8d-44c9b343b007',
      -91,
      '2024-09-04T08:41:16.730Z'
    ),
(
      '4440eb7c-a75b-45aa-a741-8a7fca789492',
      'cb4dc284-fb24-4b32-9469-53a0834d0bc7',
      387,
      '2024-09-03T15:37:50.324Z'
    ),
(
      'edec4ec2-f151-471d-ae55-256ff210e0e1',
      '852fa0df-326b-4336-836a-41cd6d786083',
      435,
      '2024-09-04T09:07:03.899Z'
    ),
(
      '9f18b2c8-8666-4fc2-81e8-8140efe2a7fc',
      '4b797181-6946-4dab-97ec-4e5891858f6d',
      394,
      '2024-09-04T06:45:48.726Z'
    ),
(
      '54acbdee-bbc8-4ad5-ba7d-0a054cb0d950',
      'bf8a2d98-f6bc-403f-8197-9b05f2d28d95',
      351,
      '2024-09-04T08:04:32.302Z'
    ),
(
      '351ea3ea-f3b4-4f5a-8c79-cb88db86b4f0',
      '6e457038-cd26-4a20-ba22-2e34634c2dad',
      111,
      '2024-09-04T02:15:20.170Z'
    ),
(
      '4d0a225e-b433-453a-877f-7dd4cb62e8f9',
      '72df709c-a9f4-4eee-8384-1330c56787ad',
      -95,
      '2024-09-03T21:08:30.743Z'
    ),
(
      'ee54759a-ed5a-46b4-bf0d-66463a356aaa',
      'c2626408-2638-4869-ab14-1f2055e3f218',
      -80,
      '2024-09-03T20:10:53.339Z'
    ),
(
      '81c233a7-b90f-4395-a123-e4c8c0a7883c',
      'f193abdc-3c11-4865-8a49-b2b89ee395ea',
      257,
      '2024-09-04T12:32:47.636Z'
    ),
(
      'ac182784-7618-41dc-afc8-3e3bc33bdfda',
      '29ebd667-7c46-48a9-9a17-13c07e4b7d09',
      472,
      '2024-09-03T23:28:55.428Z'
    ),
(
      '8ef3c32e-18df-4556-bb3e-54ed97929e8f',
      '5cab31ec-8f5c-47e0-be62-6e875049756a',
      175,
      '2024-09-04T04:13:02.660Z'
    ),
(
      '86ac4520-e0b8-4b2b-9446-ccc89db85403',
      'ec09a657-dd30-4767-90de-bd3df81a612d',
      -59,
      '2024-09-03T22:09:45.184Z'
    ),
(
      'bb08fa72-2e02-4664-b812-182a4f6428bf',
      '8780b613-5bf5-4350-b12f-75efedb6524b',
      15,
      '2024-09-03T19:18:12.046Z'
    ),
(
      '6c19fccc-71cb-4bf1-b07e-10e03d0093f1',
      'c62d660b-4066-46c7-b683-d699ebf39b21',
      482,
      '2024-09-04T10:16:29.991Z'
    ),
(
      '1f00c249-bb34-46a3-a001-3f382466cc0a',
      'd78b404b-177e-44ad-bb9a-7d555303a6b0',
      218,
      '2024-09-03T15:36:30.090Z'
    ),
(
      'c359bdea-39e7-463f-b825-32ca1f480e7e',
      '73e5602d-b4e3-4e40-912d-92344f7a4f9d',
      303,
      '2024-09-04T08:37:20.327Z'
    ),
(
      'c960e0fd-7cfc-41c0-b354-69289f3466ca',
      '96115662-e1e0-464c-8021-c17fe89189c5',
      320,
      '2024-09-03T19:03:47.484Z'
    ),
(
      'df553daf-227e-4370-8a32-7abea85d1ba3',
      '26de1fca-6dba-42f7-8c46-c4e1e0024695',
      279,
      '2024-09-03T15:50:45.231Z'
    ),
(
      '325349ff-a3da-43ee-afe8-60c9074730dc',
      '81b1404a-195a-4c43-948d-5a320c68a9e1',
      76,
      '2024-09-03T16:41:02.851Z'
    ),
(
      '7c91f857-02eb-431b-bdce-dbbbd9a0d34e',
      '02a8b8e4-6f8c-49fe-b1dc-3ae59f9e6fec',
      298,
      '2024-09-03T16:18:32.374Z'
    ),
(
      'bc85d531-9bf8-4120-a889-d23b85e23c1c',
      '3c92149b-7a9f-4616-b8ef-9f0931f5fe2d',
      19,
      '2024-09-03T19:32:19.133Z'
    ),
(
      '7319f849-9c37-4abd-a7ec-a7494628a3ac',
      '1828c46d-a1c8-4c3c-b22c-1be7d57234cb',
      153,
      '2024-09-04T05:43:08.996Z'
    ),
(
      'ca56e091-45d4-40d3-b8c0-0615328bc55a',
      '80402c8d-ede3-48c3-888e-f9ca9cf1ee57',
      329,
      '2024-09-04T07:58:39.382Z'
    ),
(
      '67cb2a52-4871-402e-9244-2f0c5b2d01ef',
      'e8738a0c-13b2-427f-811f-b3e96c4ed147',
      434,
      '2024-09-04T03:05:24.996Z'
    ),
(
      'a8325503-28fb-429f-a84b-87cd9f3835a8',
      '4c3750fa-b734-4a8e-8d32-48aec600a5d8',
      397,
      '2024-09-04T11:15:24.635Z'
    ),
(
      '9f19786b-3d31-4f56-8e36-a6d68bda2adf',
      '4b797181-6946-4dab-97ec-4e5891858f6d',
      57,
      '2024-09-03T14:42:30.345Z'
    ),
(
      '3ae414f1-692e-4741-8358-e07b5bc16aaa',
      '04ac1a14-7d8e-451a-935d-e2adbecdf463',
      56,
      '2024-09-03T14:26:57.502Z'
    ),
(
      'f03eb4ba-5362-4c7a-9f36-105dff4bd40d',
      'd0176979-25c7-47a9-9716-9a6b8a7fc433',
      32,
      '2024-09-04T03:41:55.590Z'
    ),
(
      '857934b6-ab11-419b-89d0-9deeb52d4eae',
      'c71efd12-3bc4-469e-99ae-95133b966a93',
      301,
      '2024-09-04T12:18:47.376Z'
    ),
(
      '34066ada-12a4-47fd-8d87-2cf58a60def7',
      'e122a9bf-a9c0-437e-8769-c5720edf51e3',
      327,
      '2024-09-03T21:39:39.366Z'
    ),
(
      '4600c36d-a4e9-4192-80a5-68a6e70ca441',
      '4a5c6dd6-eef6-472f-99ef-515249a04f42',
      303,
      '2024-09-04T09:45:11.333Z'
    ),
(
      '258f0ce9-5199-4f63-ace2-9778653c02cc',
      'a3004883-2d56-457c-8f01-5a248352f659',
      12,
      '2024-09-04T05:27:44.506Z'
    ),
(
      '3143939c-2a77-48cf-b6e9-8eef213debae',
      '6d181bdb-dd11-4fa2-817f-2700143c3243',
      247,
      '2024-09-04T00:23:43.955Z'
    ),
(
      '818d200e-7747-4123-b800-e81bd77cda3b',
      '5cab31ec-8f5c-47e0-be62-6e875049756a',
      -52,
      '2024-09-03T16:30:33.635Z'
    ),
(
      '8057e035-1f3d-4c73-a96c-0fe9ab00b1a0',
      '3b95ee4c-ecc9-49a1-9ccc-d44f74d8175f',
      417,
      '2024-09-04T04:01:16.257Z'
    ),
(
      '2cb29ace-e60c-408d-ac85-dfe82e9019e1',
      '0a5721e0-aa5f-41a0-87aa-bc6aef4fe1fc',
      332,
      '2024-09-04T12:15:02.393Z'
    ),
(
      '46121f23-10da-4b2d-8dcb-c6fcd79fe9e4',
      '4da0be29-7c6b-4c41-bc1e-7e514bf99c0e',
      171,
      '2024-09-03T23:11:15.904Z'
    ),
(
      '2958536a-b632-4038-8f56-cf76de7473dc',
      '4a5c6dd6-eef6-472f-99ef-515249a04f42',
      241,
      '2024-09-03T17:11:04.638Z'
    ),
(
      'ee1d21d0-114e-4331-a22e-0ebcbb3f51d4',
      'f71b10fc-f201-4741-9ae6-d00c7660fe2b',
      136,
      '2024-09-04T10:35:16.658Z'
    ),
(
      '9a14e7be-3b46-4668-be8a-456a7cd1bbaa',
      '4a5c6dd6-eef6-472f-99ef-515249a04f42',
      313,
      '2024-09-03T17:31:20.326Z'
    ),
(
      '0812b15c-abc0-4bda-aef2-1bb015d0cc20',
      '4adffc0f-12cf-4fc4-ad17-f839e74528c8',
      416,
      '2024-09-03T21:27:01.907Z'
    );
  